Ticker,returnOnAssets,grossMargins,operatingMargins,revenueGrowth,earningsGrowth,currentRatio,marketCap,Label
BBCA,0.03847,0.0,0.65005994,0.028,0.015,,1050678386491392.0,Tidak Memenuhi
BBRI,0.02767,0.0,0.44311002,0.213,-0.055,,603204802838528.0,Tidak Memenuhi
BMRI,0.0231,0.0,0.50716996,0.027,-0.142,,440533319155712.0,Tidak Memenuhi
BBNI,0.01751,0.0,0.41597,-0.018,-0.106,,163184782606336.0,Memenuhi
BRIS,0.01931,0.0,0.43702,0.174,0.104,,117629608001536.0,Tidak Memenuhi
BBTN,0.0066799996,0.0,0.48372,0.138,0.026,,17192194146304.0,Tidak Memenuhi
COIN,,0.9984,0.19952999,187.582,,3.906,37058823323648.0,Tidak Memenuhi
ARTO,0.0078799995,0.0,0.20688,0.136,0.993,,30356315045888.0,Tidak Memenuhi
BNGA,0.01977,0.0,0.52362996,0.01,-0.044,,43870117167104.0,Memenuhi
BTPS,0.056739997,0.0,0.39766997,0.186,0.376,,10553736036352.0,Memenuhi
BJTM,0.01307,0.0,0.2848,0.172,0.141,,8183446241280.0,Memenuhi
BBKP,-0.03354,0.0,-0.24757999,,,,12776352251904.0,Tidak Memenuhi
SRTG,0.05203,1.0,0.99443,1.682,1.813,251.959,23296588382208.0,Tidak Memenuhi
BBYB,0.01632,0.0,0.34935,0.585,,,5179986935808.0,Tidak Memenuhi
AGRO,0.00483,0.0,0.08515,-0.189,0.474,,5739794399232.0,Tidak Memenuhi
NISP,0.01793,0.0,0.4911,0.049,0.042,,31549783277568.0,Memenuhi
BJBR,0.0066000004,0.0,0.12991,0.014,-0.739,,8469762015232.0,Tidak Memenuhi
PNLF,0.01475,0.0,0.34608,0.001,-0.019,,7685297668096.0,Tidak Memenuhi
BFIN,0.06613,0.96699,0.41801998,0.032,0.1,2.64,12106703306752.0,Tidak Memenuhi
BDMN,0.0143,0.0,0.28620002,0.063,0.406,,25118029905920.0,Tidak Memenuhi
BBHI,0.03549,0.0,0.43182,0.202,0.285,,32486734168064.0,Tidak Memenuhi
BABP,0.0044400003,0.0,0.16032,0.131,0.117,,2356326694912.0,Tidak Memenuhi
BNLI,0.013990001,0.0,0.52842,0.011,,,190856418033664.0,Tidak Memenuhi
PNBS,0.00221,0.0,0.13172,-0.056,0.833,,1979495743488.0,Tidak Memenuhi
BANK,0.01248,0.0,0.19552,1.092,,,13744627253248.0,Tidak Memenuhi
INPC,0.00452,0.0,0.103269994,0.039,-0.053,,3073958739968.0,Tidak Memenuhi
BGTG,0.02717,0.0,0.54971004,0.139,0.625,,2708722679808.0,Tidak Memenuhi
BNII,0.00878,0.0,0.13135,-0.102,-0.44,,15700330545152.0,Tidak Memenuhi
BCAP,0.00465,0.64845,0.16203,0.315,0.037,4.167,2301418012672.0,Tidak Memenuhi
ADMF,0.03737,0.97769,0.25035,-0.031,-0.03,10.24,11060438368256.0,Tidak Memenuhi
PNBN,0.01308,0.0,0.37203997,0.073,0.102,,24787747340288.0,Tidak Memenuhi
CFIN,0.01898,0.99513,0.12638,0.057,0.7,85.412,1283015573504.0,Tidak Memenuhi
BTPN,0.01153,0.0,0.18577999,-0.015,-0.376,,22675862847488.0,Tidak Memenuhi
MEGA,0.02145,0.0,0.53425,0.049,0.945,,38510228668416.0,Tidak Memenuhi
BACA,0.0050199996,0.0,0.0854,0.375,-0.296,,2753517584384.0,Tidak Memenuhi
BEKS,0.00496,0.0,0.07196,0.704,0.213,,173095452672.0,Tidak Memenuhi
MAYA,0.00017000001,0.0,0.05584,0.361,-0.343,,6332621520896.0,Tidak Memenuhi
PALM,-0.088920005,0.0,0.99355006,0.498,0.569,0.107,6450478317568.0,Tidak Memenuhi
NOBU,0.012990001,0.0,0.42361,0.339,0.605,,3851398676480.0,Memenuhi
BVIC,0.00519,0.0,0.34928,-0.044,-0.722,,1823106400256.0,Tidak Memenuhi
TUGU,0.01212,0.42110002,0.46533,-0.307,-0.323,0.798,3715576365056.0,Tidak Memenuhi
BSIM,0.00669,0.0,-0.45398,-0.235,0.131,,17251641065472.0,Tidak Memenuhi
BNBA,0.0043,0.0,0.02616,-0.186,,,2100560003072.0,Tidak Memenuhi
LPPS,0.03491,0.99031997,0.94108003,-0.364,,185.682,308001767424.0,Tidak Memenuhi
AMAR,0.0462,0.0,0.28925,0.069,0.014,,4143145025536.0,Tidak Memenuhi
MCOR,0.009190001,0.0,0.40173998,0.036,0.011,,2768140500992.0,Tidak Memenuhi
PNIN,0.014830001,0.0,0.30694,-0.071,-0.572,,3275000643584.0,Tidak Memenuhi
PANS,0.04721,0.93393,0.31503,0.638,,3.386,1028014604288.0,Tidak Memenuhi
DNET,0.007900001,0.94914,0.3069,0.199,-0.1,2.408,129074395611136.0,Tidak Memenuhi
PADI,0.100880004,0.96879995,0.39516,,,3.383,893272457216.0,Tidak Memenuhi
TRIM,0.06529,0.91646004,0.22106001,0.481,0.006,2.16,3732382679040.0,Tidak Memenuhi
AGRS,0.00997,0.0,0.37362,-0.03,-0.4,,3350507028480.0,Tidak Memenuhi
DHAR,,,,,,,,Tidak Memenuhi
AHAP,-0.00557,0.39246,0.01408,-0.078,1.495,0.945,436099973120.0,Tidak Memenuhi
SMMA,0.01933,0.35799998,0.20538999,0.142,3.254,1.762,82779639382016.0,Tidak Memenuhi
BKSW,0.0013600001,0.0,0.22529,-0.176,,,2250115121152.0,Tidak Memenuhi
WOMF,0.03232,0.97667,0.09462,-0.019,-0.367,6.867,1162814816256.0,Tidak Memenuhi
JMAS,,0.48147,0.0615,0.287,6.498,2.668,160999997440.0,Tidak Memenuhi
BINA,0.00153,0.0,0.0862,-0.007,-0.714,,27483529281536.0,Tidak Memenuhi
VTNY,0.01107,0.32775003,0.05079,-0.53,,1.433,582663012352.0,Tidak Memenuhi
VICO,0.01599,0.0,0.84393,2.428,20.268,,2739073449984.0,Memenuhi
PEGE,0.11389,0.99796,3.5453,,,8.062,351343706112.0,Tidak Memenuhi
LIFE,0.01506,0.25016,0.19251,,0.947,7.614,18112499941376.0,Tidak Memenuhi
GSMF,0.01076,0.50786,0.13645001,0.363,,0.901,1266505613312.0,Tidak Memenuhi
MTWI,0.0332,0.22358,0.10767999,0.401,0.048,1.219,1000174452736.0,Tidak Memenuhi
LPGI,0.0309,0.15158,0.025009999,0.251,-0.066,1.04,2264999919616.0,Tidak Memenuhi
POLA,-0.05263,0.96127,0.63651,,,736.963,113936572416.0,Tidak Memenuhi
BCIC,0.00071000005,0.0,0.15516,0.091,-0.411,,2680268259328.0,Tidak Memenuhi
BMAS,-0.01222,0.0,0.01933,0.017,0.349,,12309811429376.0,Tidak Memenuhi
SDRA,0.00455,0.0,-0.23076001,-0.127,,,4172581961728.0,Tidak Memenuhi
FUJI,0.04142,0.95443,0.62422,0.301,-0.902,311.98,949000011776.0,Tidak Memenuhi
BBSI,0.018550001,0.0,0.44612,0.223,0.025,,14662145933312.0,Tidak Memenuhi
VINS,0.02359,0.49616,0.05388,0.015,0.501,3.416,213243740160.0,Tidak Memenuhi
AMAG,0.02848,0.60928,-0.16749,,2.506,0.994,1861859016704.0,Tidak Memenuhi
VRNA,-0.00405,0.97268,0.70633006,0.099,,168.935,489112436736.0,Tidak Memenuhi
ASMI,0.00563,0.39861,-0.06684,-0.35,,1.558,232917876736.0,Tidak Memenuhi
CASA,0.02238,0.36238998,0.18271999,-0.052,,1.194,59651517317120.0,Tidak Memenuhi
ASDM,0.00322,0.71126,0.091850005,0.252,0.254,1.138,220799991808.0,Tidak Memenuhi
AMOR,0.124180004,0.3796,0.31078,-0.239,-0.387,3.931,927854166016.0,Tidak Memenuhi
APIC,0.01446,0.026530001,-0.27784002,0.078,,2.376,13237102837760.0,Tidak Memenuhi
HDFA,-0.015470001,1.0,0.04133,0.036,,30.292,1020621488128.0,Tidak Memenuhi
RELI,0.01852,0.4966,-0.29305,-0.351,-0.475,3.596,1115999961088.0,Tidak Memenuhi
YOII,0.00147,0.53704,0.06508,0.841,-0.103,1.785,349318152192.0,Tidak Memenuhi
STAR,-0.0033399998,1.0,-0.022909999,0.668,,131.957,340800045056.0,Tidak Memenuhi
NICK,0.26104,0.80791,0.30023,,,49.011,833472036864.0,Tidak Memenuhi
MREI,0.0051200003,0.06038,0.04047,0.046,-0.535,0.445,528147513344.0,Tidak Memenuhi
TRUS,0.04123,0.97056997,0.33061,-0.135,-0.38,5.422,340800012288.0,Tidak Memenuhi
BHAT,0.01011,0.22373,0.18275999,-0.607,-0.916,16.074,4824999919616.0,Tidak Memenuhi
ASRM,0.00426,0.21279,-0.02073,1.283,,119.285,411391754240.0,Tidak Memenuhi
ASJT,0.01642,0.53328997,-1.17091,,,14.971,179200000000.0,Tidak Memenuhi
TIFA,0.03078,0.97941,0.51113,-0.129,-0.35,3.496,1456407314432.0,Tidak Memenuhi
BBLD,0.0074,0.97062,0.00141,-0.105,-0.276,2.809,1472987529216.0,Tidak Memenuhi
ASBI,-0.01589,0.50776,-0.053460002,-0.153,,4.812,174193229824.0,Tidak Memenuhi
BPFI,0.040549997,0.99034,0.26262,-0.021,-0.188,2.09,871722450944.0,Tidak Memenuhi
BBMD,0.02089,0.0,0.52774,-0.084,-0.245,,8420870586368.0,Tidak Memenuhi
MASB,0.00703,0.0,0.2852,0.09,-0.13,,4612615569408.0,Tidak Memenuhi
BPII,0.03644,0.65223,0.20676,0.087,0.069,1.121,5436284076032.0,Tidak Memenuhi
DEFI,-0.09599,0.32739,-0.87022,-0.024,,8.016,115596001280.0,Tidak Memenuhi
YULE,0.099259995,0.97983,0.77949,0.265,0.078,6.382,4285674291200.0,Tidak Memenuhi
POOL,,,,,,,117068505088.0,Tidak Memenuhi
SFAN,-0.1035,0.82636,-0.82932,0.133,,4.707,2611073515520.0,Tidak Memenuhi
ABDA,0.02246,0.46237,0.13452,0.549,0.147,4.23,1682386059264.0,Tidak Memenuhi
BSWD,0.01102,0.0,0.47801,-0.152,-0.259,,3688866775040.0,Tidak Memenuhi
OCAP,,,,,,,43438800896.0,Tidak Memenuhi
PLAS,,,,,,,59209998336.0,Tidak Memenuhi
ANTM,,0.19403,0.13533,-0.35,0.964,1.25,74495368888320.0,Tidak Memenuhi
SMGR,0.01191,0.19910999,0.03244,-0.01,,1.084,18634250387456.0,Tidak Memenuhi
BRPT,0.01021,0.09087,-0.02175,3.541,19.398,2.938,323280342876160.0,Tidak Memenuhi
INTP,0.05298,0.33074,0.08997,0.004,0.474,1.533,21972515815424.0,Tidak Memenuhi
BRMS,0.04408,0.54492,0.31158,0.329,1.348,1.249,130441319284736.0,Tidak Memenuhi
EMAS,,0.22296,-11.3739,-0.931,,0.267,60251290206208.0,Tidak Memenuhi
MDKA,0.016619999,0.09681,0.100609995,-0.362,,1.037,59572844756992.0,Tidak Memenuhi
INCO,0.01075,0.107200004,0.12658,0.212,0.896,2.729,50063975907328.0,Tidak Memenuhi
TINS,0.069359995,0.25172,0.10342,-0.327,-0.55,2.041,19885501448192.0,Tidak Memenuhi
TPIA,-0.0152199995,-0.01666,-0.06604,4.839,,3.367,601202140119040.0,Tidak Memenuhi
INKP,0.0313,0.29975998,0.19877,-0.021,-0.841,2.73,40758824402944.0,Tidak Memenuhi
MBMA,0.012150001,0.06465,0.09241,-0.452,-0.481,1.874,68037118001152.0,Tidak Memenuhi
PSAB,0.048410002,0.54493,0.38116002,0.093,0.051,0.533,15214500118528.0,Tidak Memenuhi
AMMN,0.02011,0.51055,0.4019,-0.809,,1.936,514879303712768.0,Tidak Memenuhi
TKIM,0.00903,0.14003,0.07667,-0.02,,1.317,21714735988736.0,Tidak Memenuhi
ESSA,0.053979997,0.30266002,0.18195,-0.2,-0.502,8.807,10594589605888.0,Tidak Memenuhi
ARCI,0.11432,0.4143,0.47015998,0.879,,0.533,29677825556480.0,Tidak Memenuhi
NCKL,0.09263,0.33124,0.32557,0.029,0.356,1.538,78807969038336.0,Tidak Memenuhi
KRAS,-0.00625,0.09192,-0.06307,0.152,,0.268,6461696507904.0,Tidak Memenuhi
DKFT,0.13539,0.4795,0.30895,-0.434,-0.043,2.954,4107546918912.0,Tidak Memenuhi
WSBP,-0.056799997,0.12669,-0.14769,-0.016,,0.449,1318444728320.0,Tidak Memenuhi
NICL,0.48779,0.42808,0.41094002,0.696,1.687,4.536,10529288486912.0,Tidak Memenuhi
SMBR,0.046230003,0.31034002,0.12433,0.201,,1.443,2800974823424.0,Tidak Memenuhi
WTON,0.01426,0.07485,-0.00567,-0.372,-0.766,1.276,897693057024.0,Tidak Memenuhi
SOLA,0.103310004,0.28592,0.22532,0.856,1.744,1.637,436838498304.0,Tidak Memenuhi
AGII,0.02794,0.41355,0.11501,0.021,-0.799,3.338,4047991209984.0,Tidak Memenuhi
AVIA,0.101689994,0.51431,0.18399,0.088,-0.059,6.3,24680849211392.0,Tidak Memenuhi
NIKL,0.025209999,0.06639,0.044650003,-0.267,-0.689,1.604,903359299584.0,Tidak Memenuhi
MINE,,0.23312001,0.11996,0.126,-0.642,1.185,2025879896064.0,Tidak Memenuhi
ISSP,0.06235,0.1916,0.12573,0.021,0.052,3.033,3018032939008.0,Memenuhi
DAAZ,,0.09629,0.04685,0.432,-0.501,1.664,5272079695872.0,Tidak Memenuhi
SMGA,0.0521,0.057729997,0.04247,2.367,3.379,1.78,1198750040064.0,Tidak Memenuhi
OKAS,0.12597999,0.30422002,0.14187999,-0.129,,1.244,337029791744.0,Tidak Memenuhi
ZINC,-0.017239999,-0.12636,-0.50529,,,0.095,808000028672.0,Tidak Memenuhi
NICE,0.23419,0.2374,0.23929001,0.877,3.73,0.766,2469300011008.0,Tidak Memenuhi
BAJA,-0.00846,0.024530001,-0.02296,-0.065,,1.745,269999996928.0,Tidak Memenuhi
CHEM,0.0067299996,0.19709998,0.02507,-0.152,-0.661,2.631,151302914048.0,Tidak Memenuhi
EKAD,0.024230001,0.29628,0.04483,-0.005,-0.405,18.354,639379111936.0,Tidak Memenuhi
PPRI,0.02859,0.15819,0.02041,0.091,-0.226,4.434,380559687680.0,Tidak Memenuhi
FPNI,-0.0679,-0.01884,-0.059949998,-0.271,,1.686,1146681294848.0,Tidak Memenuhi
PBID,0.09583,0.18027,0.105459996,-0.045,-0.189,5.759,3675000143872.0,Memenuhi
AYLS,-0.04374,-0.44781,-2.88698,0.6,,1578.405,213355806720.0,Tidak Memenuhi
OPMS,-0.05119,-0.13461,-7.69921,-0.98,,45.89,80964329472.0,Tidak Memenuhi
SPMA,0.03082,0.14406,0.07719,0.023,-0.767,2.044,1154397765632.0,Tidak Memenuhi
PICO,0.02053,0.116569996,0.052470002,0.195,1.285,1.163,130726248448.0,Tidak Memenuhi
SRSN,0.03628,0.16739,0.085810006,0.117,0.178,2.129,391299989504.0,Tidak Memenuhi
GDST,0.02469,0.111219995,0.05668,-0.044,-0.682,1.09,1062887489536.0,Tidak Memenuhi
ASPR,,0.24605,-0.05548,0.191,,1.772,265776005120.0,Tidak Memenuhi
CLPI,0.05298,0.13799,0.06771,0.137,0.862,2.776,444190818304.0,Memenuhi
SMLE,0.02338,0.25176,0.05392,-0.014,0.216,1.92,656539189248.0,Tidak Memenuhi
MDKI,0.0208,0.2211,0.10465,0.206,2.142,8.99,483258630144.0,Tidak Memenuhi
BLES,0.05525,0.2644,0.042940002,0.136,-0.811,0.526,1457993809920.0,Memenuhi
SULI,-0.04487,0.042940002,-0.28801,3.866,,0.372,897550319616.0,Tidak Memenuhi
CITA,0.03994,0.39868,0.20259,-0.024,1.618,10.993,19524581588992.0,Tidak Memenuhi
BEBS,-0.03274,-0.38812,-0.055910002,-0.122,,0.747,224999997440.0,Tidak Memenuhi
BATR,0.075,0.27656,0.1292,0.632,2.046,4.224,335779135488.0,Tidak Memenuhi
ADMG,-0.0155299995,0.0077100005,0.00902,0.291,,1.532,567820222464.0,Tidak Memenuhi
LTLS,0.03492,0.16290002,0.04493,0.172,-0.157,1.174,1281602617344.0,Tidak Memenuhi
DGWG,0.0657,0.28737,0.059019998,0.123,-0.499,1.096,2447058927616.0,Tidak Memenuhi
ESIP,0.0086199995,0.08643,0.02081,-0.12,0.536,15.946,122094919680.0,Tidak Memenuhi
SAMF,0.08127,0.23105,0.09399,-0.116,-0.309,1.635,3218500222976.0,Tidak Memenuhi
FWCT,0.110740006,0.15117,0.09404001,0.425,,1.354,284635004928.0,Tidak Memenuhi
NPGF,0.0269,0.24983999,0.08764,0.047,-0.826,2.968,187933671424.0,Tidak Memenuhi
TBMS,0.055689998,0.022179998,0.01824,0.096,0.182,1.641,1028551999488.0,Tidak Memenuhi
KAYU,,,,,,,11969999872.0,Tidak Memenuhi
SBMA,0.04651,0.50448,0.19267,0.089,0.445,1.58,119960485888.0,Tidak Memenuhi
PTMR,,0.2809,0.00931,0.139,,2.832,713217998848.0,Tidak Memenuhi
SMCB,0.03929,0.23131001,0.13655,-0.054,1.445,0.971,6990021001216.0,Tidak Memenuhi
PDPP,0.06125,0.18417,0.15626,0.459,2.775,1.489,1328622206976.0,Tidak Memenuhi
BMSR,-0.02071,0.042179998,0.01826,0.141,,1.629,359352008704.0,Tidak Memenuhi
UNIC,0.045840003,0.12597,0.05427,0.39,0.398,6.962,3411649232896.0,Tidak Memenuhi
OBMD,0.12533,0.88388,0.42578,0.042,0.58,13.575,201498247168.0,Tidak Memenuhi
SQMI,-0.07648,-0.40512002,-21.265892,2.369,,0.071,668116451328.0,Tidak Memenuhi
PURE,,,,,,,70134177792.0,Tidak Memenuhi
INCI,0.03016,0.20962,0.04987,-0.055,-0.628,5.352,128747110400.0,Tidak Memenuhi
TIRT,-0.15800999,0.0,-300.0992,,,0.493,44518088704.0,Tidak Memenuhi
SWAT,-0.011820001,0.06322,-0.19718,-0.243,,7.123,48307200000.0,Tidak Memenuhi
INCF,0.03658,0.19299999,0.1242,-0.115,0.589,0.967,69041782784.0,Tidak Memenuhi
EPAC,-0.0070599997,0.11722,-0.00034000003,0.238,,0.642,72674795520.0,Tidak Memenuhi
GGRP,-0.01941,-0.03012,-0.28547,-0.499,,4.119,2543388983296.0,Tidak Memenuhi
HKMU,,,,,,,161087504384.0,Tidak Memenuhi
ALDO,0.014630001,0.12522,0.05154,0.314,,1.201,1376111034368.0,Tidak Memenuhi
IFII,0.10461,0.33918998,0.18082,-0.076,-0.214,2.496,2164759986176.0,Tidak Memenuhi
IGAR,0.05029,0.14708,0.10973,0.042,0.239,5.854,473168117760.0,Tidak Memenuhi
SMKL,0.021389998,0.18067,0.033469997,0.079,,0.996,563984072704.0,Tidak Memenuhi
BTON,-0.00989,0.03814,-0.13385001,-0.291,,2.605,279360012288.0,Tidak Memenuhi
IPOL,0.017690001,0.18969,0.05372,0.271,-0.133,1.152,882743050240.0,Tidak Memenuhi
MOLI,0.022079999,0.22891001,0.08238,0.05,2.842,2.702,822659055616.0,Tidak Memenuhi
IFSH,0.0651,0.48578998,0.17743,0.267,0.415,3.062,1548133597184.0,Tidak Memenuhi
KDSI,0.03546,0.13491,0.0126600005,0.024,-0.723,1.85,754919997440.0,Tidak Memenuhi
INAI,-0.01053,0.07087,-0.03317,-0.364,,0.813,100108795904.0,Tidak Memenuhi
INRU,0.00021,0.11581001,-0.18815,-0.552,,1.221,993051607040.0,Tidak Memenuhi
INTD,-0.07752,0.18024,-0.17538999,0.561,,17.357,130202157056.0,Tidak Memenuhi
CMNT,0.0128,0.19173001,0.06081,0.021,,0.483,13186638020608.0,Tidak Memenuhi
ALKA,-0.02256,0.14382,0.09618,-0.365,,22.145,133777195008.0,Tidak Memenuhi
KMTR,0.0792,0.089779995,-0.01764,0.132,-0.962,1.386,2251010342912.0,Tidak Memenuhi
DPNS,-0.00794,0.25254,-5.10496,-0.95,,512.59,102650281984.0,Tidak Memenuhi
AKPI,0.01228,0.098850004,0.00321,-0.06,,1.189,361226305536.0,Tidak Memenuhi
CTBN,,0.26066,0.03346,-0.583,-0.902,2.247,4201950478336.0,Tidak Memenuhi
TALF,0.02231,0.09877,0.05661,0.015,0.767,1.93,660476264448.0,Tidak Memenuhi
APLI,0.0019400001,0.13752,-0.04145,-0.295,,3.943,613202132992.0,Tidak Memenuhi
KKES,-0.01826,0.13655,-0.01192,-0.098,,1.789,40499998720.0,Tidak Memenuhi
BRNA,0.020130001,0.15376,0.11411,0.01,,1.065,685376995328.0,Tidak Memenuhi
TRST,0.021879999,0.11282,0.05874,0.117,,0.952,1342223941632.0,Tidak Memenuhi
YPAS,-0.00617,0.07138,0.00667,0.153,,1.649,315296022528.0,Tidak Memenuhi
LMSH,-0.05499,0.00605,-0.16644,-0.213,,6.476,24576000000.0,Tidak Memenuhi
ALMI,-0.08927,0.0,-37.47454,-1.0,,0.458,282384007168.0,Tidak Memenuhi
FASW,-0.0279,-0.0178,-0.06542,0.064,,0.892,17555842400256.0,Tidak Memenuhi
TDPM,,,,,,,1247726796800.0,Tidak Memenuhi
ETWA,,,,,,,326806994944.0,Tidak Memenuhi
SIMA,,,,,,,22129500160.0,Tidak Memenuhi
KBRI,,,,,,,434400002048.0,Tidak Memenuhi
MNCN,0.03499,0.49530998,0.15630001,-0.133,-0.282,9.056,3544879202304.0,Tidak Memenuhi
SCMA,0.038540002,0.35763,0.12111,0.009,0.216,3.591,21451973328896.0,Tidak Memenuhi
LPPF,0.17864999,0.65949,0.04535,-0.12,,0.522,1971823312896.0,Tidak Memenuhi
ACES,0.08094,0.4484,0.09169,-0.004,-0.063,4.788,7614600052736.0,Memenuhi
ERAA,0.04893,0.113129996,0.0346,0.164,0.361,1.176,6692197629952.0,Tidak Memenuhi
MINA,,0.59992003,-0.21451999,0.456,,3.34,1752187535360.0,Tidak Memenuhi
MAPI,0.070310004,0.41075,0.082959995,0.115,0.003,1.49,21414000197632.0,Tidak Memenuhi
GJTL,0.05039,0.19272,0.09871,-0.06,-0.176,1.505,3623784808448.0,Memenuhi
AUTO,0.032360002,0.1596,0.06883,0.051,0.224,1.98,12290319450112.0,Memenuhi
BUVA,0.02846,0.62066,0.20712,-0.007,8.771,1.099,17501902602240.0,Tidak Memenuhi
BMTR,0.02365,0.38264,0.13822,-0.112,0.526,4.351,2354761695232.0,Tidak Memenuhi
MPMX,0.03934,0.081920005,0.03002,-0.097,-0.414,1.507,4248428871680.0,Tidak Memenuhi
FUTR,0.028210001,0.37831002,0.19494,-0.734,1.16,11.089,4545353089024.0,Tidak Memenuhi
HRTA,0.113249995,0.052800003,0.04164,0.956,0.931,2.137,5848683249664.0,Tidak Memenuhi
FILM,-0.0017299999,0.53701,0.14766,0.115,,1.857,61786938146816.0,Tidak Memenuhi
RALS,0.03498,0.47134,-0.05672,-0.573,-0.911,3.949,2538580738048.0,Tidak Memenuhi
KPIG,0.00308,0.28329,0.14515,0.201,-0.276,0.603,14243340484608.0,Tidak Memenuhi
MAPA,0.10443,0.45088002,0.104849994,0.067,0.055,1.845,19952801153024.0,Tidak Memenuhi
MERI,,0.63453996,0.20364,0.144,-0.945,3.305,221518348288.0,Tidak Memenuhi
FAST,-0.07003,0.57277,-0.09262,-0.076,,0.307,3367699742720.0,Tidak Memenuhi
SLIS,-0.0057800002,0.08134,-0.19735001,-0.724,,11.246,197066981376.0,Tidak Memenuhi
DOOH,0.00822,0.21722999,0.11322,0.655,-0.318,7.25,1029272567808.0,Tidak Memenuhi
SMSM,0.18688999,0.37235,0.26709,0.093,0.148,5.521,11056657203200.0,Tidak Memenuhi
IMAS,0.022769999,0.17989,0.06205,0.087,4.104,0.914,4593434492928.0,Tidak Memenuhi
KAQI,,0.75014,0.27395,0.184,-0.523,7.799,137002803200.0,Tidak Memenuhi
ZATA,0.00992,0.4718,-0.03179,-0.263,,6.98,569231998976.0,Tidak Memenuhi
WOOD,0.03314,0.27137,0.10978,-0.153,-0.107,1.907,2856364277760.0,Tidak Memenuhi
MSIN,0.0374,0.28702,0.23316999,0.013,0.035,5.649,30641468997632.0,Tidak Memenuhi
CNMA,0.085439995,0.54997003,0.16441,0.072,0.126,3.405,9918054662144.0,Tidak Memenuhi
VKTR,0.00025,0.16715999,-0.0074299998,-0.039,,1.663,14437499011072.0,Tidak Memenuhi
ASLC,0.02447,0.28908002,0.023629999,0.132,-0.305,3.031,1261889126400.0,Tidak Memenuhi
SRIL,,,,,,,2986021224448.0,Tidak Memenuhi
IPTV,-0.01351,0.00982,-0.0919,-0.179,,4.093,1730115928064.0,Tidak Memenuhi
MSKY,-0.0269,-0.08524,-0.74555,-0.441,,1.008,797748166656.0,Tidak Memenuhi
BELL,0.03004,0.31383,0.04119,-0.097,,1.378,483226189824.0,Tidak Memenuhi
PMUI,,0.068,0.015140001,-0.127,0.257,6.207,858400030720.0,Tidak Memenuhi
JIHD,0.011829999,0.78113997,0.09834,0.015,-0.145,0.957,1374133813248.0,Tidak Memenuhi
TMPO,0.00605,0.4662,-0.04237,-0.149,,1.935,179916652544.0,Tidak Memenuhi
CARS,0.05481,0.12562999,-0.011030001,-0.309,0.047,0.907,1965000097792.0,Tidak Memenuhi
ABBA,0.018029999,0.36795,-0.029409999,-0.01,,0.526,232217673728.0,Tidak Memenuhi
NETV,-0.13972999,-0.30827,-3.8897,-0.583,,1.49,4384215007232.0,Tidak Memenuhi
PZZA,0.031,0.67982,0.01342,0.086,,0.577,691262849024.0,Tidak Memenuhi
DRMA,0.11892,0.17686,0.14002,0.103,0.027,1.817,4941176373248.0,Tidak Memenuhi
MARI,-0.09629,0.51845,-0.97865,-0.227,,3.229,178589892608.0,Tidak Memenuhi
DOSS,,0.05448,0.04546,0.376,-0.264,2.47,260474994688.0,Tidak Memenuhi
ERAL,0.05317,0.16679001,0.04463,0.276,-0.334,1.889,1494000074752.0,Tidak Memenuhi
ACRO,0.02725,0.44684,-0.043470003,-0.441,-0.753,1.39,301820379136.0,Tidak Memenuhi
VIVA,-0.03235,0.52628,-0.10549,-0.087,,0.573,477463838720.0,Tidak Memenuhi
ESTA,0.0077100005,0.50452,0.082320005,0.014,,0.343,538428637184.0,Tidak Memenuhi
PSKT,-0.01179,0.5301,-0.17824,-0.167,,0.317,1418118823936.0,Tidak Memenuhi
INDR,-0.016339999,0.00261,-0.03633,-0.09,,1.06,2093925400576.0,Tidak Memenuhi
VERN,,0.14669,0.25338,,,28.089,567112171520.0,Tidak Memenuhi
YELO,-0.0137600005,0.01783,0.059180003,-0.813,-0.859,20.154,130068660224.0,Tidak Memenuhi
JGLE,0.00973,0.68417,0.26736,0.054,,0.87,406474358784.0,Tidak Memenuhi
MDIY,0.17298001,0.56490004,0.21228,-0.061,-1.0,1.659,27457526693888.0,Tidak Memenuhi
EAST,0.05009,0.74297994,0.37645,-0.061,0.06,1.97,383755714560.0,Tidak Memenuhi
RAAM,-0.02286,0.25868,-0.1929,0.083,,1.016,1730659483648.0,Tidak Memenuhi
PART,,0.2176,0.052259997,-0.09,0.539,1.848,323683090432.0,Tidak Memenuhi
GEMA,0.04522,0.25107,0.0229,-0.068,,1.152,142399995904.0,Tidak Memenuhi
LIVE,0.04566,0.44009998,0.12585,0.539,-0.47,2.45,831333924864.0,Tidak Memenuhi
GRPH,0.03398,0.45435002,0.20417999,-0.035,0.433,0.994,65000001536.0,Tidak Memenuhi
PBRX,0.03492,0.15175,0.0036300002,0.024,,4.483,751871000576.0,Tidak Memenuhi
KOTA,-0.0029300002,0.67138,-0.14759,0.452,,1.207,358570295296.0,Tidak Memenuhi
PJAA,0.050669998,0.56194997,0.25174,-0.033,-0.119,0.82,840000012288.0,Tidak Memenuhi
PANR,,0.11264,0.039839998,0.098,0.169,1.411,971250008064.0,Tidak Memenuhi
FORU,-0.062480003,0.46800998,-0.25546,-0.456,,5.959,567573282816.0,Tidak Memenuhi
BOLA,0.01055,0.87915003,0.091079995,0.496,,10.565,1092000022528.0,Tidak Memenuhi
BAIK,0.034,0.17412001,0.05298,0.037,0.19,9.459,111375269888.0,Tidak Memenuhi
GOLF,0.0054400004,0.58242,0.28273,0.364,5.648,6.859,3936325730304.0,Tidak Memenuhi
FITT,-0.042,0.28170002,-0.57882,-0.222,,2.773,1330357469184.0,Tidak Memenuhi
LPIN,0.04111,0.29732,0.1671,0.228,0.26,6.418,195499999232.0,Tidak Memenuhi
INDS,0.01951,0.13836999,0.054190002,0.048,-0.466,3.605,1483124375552.0,Tidak Memenuhi
TRIS,0.06413,0.25405002,0.07981,0.038,1.03,1.975,559841280000.0,Tidak Memenuhi
DFAM,0.0054400004,0.45438,-0.01712,-0.054,,0.992,140589105152.0,Tidak Memenuhi
ERTX,0.04482,0.08935001,0.02605,0.235,,1.348,216138678272.0,Tidak Memenuhi
UFOE,0.0053,0.087,-0.02686,0.128,-0.189,0.988,541974953984.0,Tidak Memenuhi
ECII,-0.00442,0.16972,-0.03316,-0.108,,2.148,216248958976.0,Tidak Memenuhi
TOOL,-0.0062300004,0.40857,-0.02803,-0.39,,16.361,120951201792.0,Tidak Memenuhi
BAYU,0.07072,0.07783,0.04087,0.018,-0.054,2.361,475081932800.0,Tidak Memenuhi
KICI,-0.03689,0.11391,-0.137,0.263,,4.031,53268000768.0,Tidak Memenuhi
MAPB,-0.030450001,0.67369,-0.04414,-0.044,,0.629,3844555931648.0,Tidak Memenuhi
MDIA,0.0076800003,0.45445,0.2047,0.051,,0.271,1333328347136.0,Tidak Memenuhi
SWID,0.07418,0.60563,0.38641998,0.821,3.647,4.538,473881706496.0,Tidak Memenuhi
TOYS,-0.0033000002,0.10764,0.4164,-0.824,,3.236,11480005632.0,Tidak Memenuhi
INOV,0.03185,0.23311001,0.29346,0.42,0.236,0.594,260383965184.0,Tidak Memenuhi
BAUT,-0.057800002,0.14390999,-0.12773,-0.198,,4.466,192007307264.0,Tidak Memenuhi
GDYR,0.02634,0.098979995,0.046919998,-0.095,-0.753,1.005,455100006400.0,Tidak Memenuhi
POLU,-0.00233,0.10920999,-0.016180001,-0.129,,2.107,16331250335744.0,Tidak Memenuhi
DEPO,0.02145,0.19781,0.011360001,0.03,-0.288,1.745,1846879977472.0,Tidak Memenuhi
ESTI,0.022769999,0.14807999,0.03144,0.009,,1.284,272053174272.0,Tidak Memenuhi
UNTD,,0.24327,0.14399,-0.417,,1.838,566666657792.0,Tidak Memenuhi
SONA,0.03744,0.49808,0.10634,0.139,0.689,4.529,1867968020480.0,Tidak Memenuhi
HRME,0.009509999,0.61419,-0.00405,-0.169,,0.541,244308754432.0,Tidak Memenuhi
CSMI,-0.0228,0.58300996,-1.41948,-0.567,,0.143,212175994880.0,Tidak Memenuhi
BIMA,-0.02649,0.26756,-0.1442,0.097,,0.461,43180478464.0,Tidak Memenuhi
RAFI,0.00588,0.10408,-0.2934,-0.7,,1.718,112613056512.0,Tidak Memenuhi
BABY,-0.050780002,0.42830002,0.02023,0.107,,2.773,1399681318912.0,Tidak Memenuhi
DIGI,0.13171,0.4806,0.0879,-0.053,1.225,0.929,56874999808.0,Tidak Memenuhi
POLY,-0.059439998,-0.03211,-0.39178002,-0.811,,0.038,59898085376.0,Tidak Memenuhi
LMPI,-0.0183,0.11778,-0.03622,-0.028,,1.474,147243581440.0,Tidak Memenuhi
CINT,0.03866,0.32353002,0.03832,-0.004,-0.518,1.711,152000004096.0,Tidak Memenuhi
GWSA,-0.00664,0.56168,-0.84526,-0.012,-0.1,11.31,1146711703552.0,Tidak Memenuhi
NATO,-0.00045000002,0.54354,0.1618,-0.083,-0.164,61.77,1216168984576.0,Tidak Memenuhi
TELE,0.10909,0.00471,-0.02616,-0.729,,0.013,65798365184.0,Tidak Memenuhi
JSPT,0.062119998,0.61521,0.24344999,-0.048,1.328,1.991,7999638732800.0,Tidak Memenuhi
SHID,,0.57141,-0.31788,-0.338,,1.484,985007063040.0,Tidak Memenuhi
BIKE,0.04279,0.14685,0.05098,-0.093,0.286,1.549,1170994364416.0,Tidak Memenuhi
BOGA,-0.00487,0.08068,0.03513,-0.487,,3.26,1871334866944.0,Tidak Memenuhi
PGLI,-0.03254,0.38329,-0.11394,-0.09,,0.408,200079998976.0,Tidak Memenuhi
DUCK,,,,,,,225866088448.0,Tidak Memenuhi
ENAK,0.01258,0.65440005,0.042340003,-0.075,-0.7,0.254,1516666748928.0,Tidak Memenuhi
CSAP,0.02615,0.16174,0.02424,0.016,-0.19,1.005,1852715040768.0,Tidak Memenuhi
BRAM,0.01997,0.12267999,-0.16155,-0.69,,2.81,2272787693568.0,Tidak Memenuhi
SSTM,-0.04244,-0.0554,0.053189997,0.124,4.484,1.638,1024545521664.0,Tidak Memenuhi
MICE,0.04004,0.49691,0.12989001,0.195,0.29,1.765,364020957184.0,Tidak Memenuhi
MASA,0.05666,0.38287997,0.1378,0.077,0.36,2.623,56934275219456.0,Tidak Memenuhi
RICY,-0.04415,0.12919,-0.42804,-0.436,,0.799,40428204032.0,Tidak Memenuhi
PMJS,0.023729999,0.07022,0.01903,0.007,-0.183,1.631,1636916396032.0,Tidak Memenuhi
SOTS,-0.015520001,0.58639,-0.6343,-0.022,,0.966,320001277952.0,Tidak Memenuhi
PTSP,0.050970003,0.60787,0.06859,0.024,-0.216,0.925,207559524352.0,Tidak Memenuhi
SNLK,-0.01948,0.51652,-0.10284001,-0.275,,1.937,182699999232.0,Tidak Memenuhi
ARGO,,0.32666,0.44048,-0.024,10.243,0.478,3142595641344.0,Tidak Memenuhi
BOLT,0.07672,0.21139,0.10067,0.311,1.952,1.491,2695312441344.0,Tidak Memenuhi
BATA,-0.09427,0.47224998,-0.24551001,-0.561,,0.6,79300001792.0,Tidak Memenuhi
PNSE,0.01818,0.5367,0.057690002,-0.055,-0.74,0.514,582403883008.0,Tidak Memenuhi
ZONE,0.02582,0.49076,-0.06352,-0.301,,1.96,487296008192.0,Tidak Memenuhi
SCNP,-0.01334,0.11533,-0.00162,-0.155,-0.734,4.58,394999988224.0,Tidak Memenuhi
TYRE,0.048260003,0.1684,0.0648,0.118,0.063,1.123,445514448896.0,Tidak Memenuhi
CLAY,0.02404,0.45056,-0.04527,-0.53,,0.16,7375899590656.0,Tidak Memenuhi
SBAT,-0.03249,0.00016000001,-0.98550004,-1.0,,0.514,4752982528.0,Tidak Memenuhi
IIKP,,,,,,,1680000024576.0,Tidak Memenuhi
KDTN,0.01726,0.43645,0.05204,0.036,-0.552,4.256,202503766016.0,Tidak Memenuhi
ARTA,0.00316,0.6291,-0.25933,-0.402,,3.178,1451691081728.0,Tidak Memenuhi
CBMF,,,,,,,93750001664.0,Tidak Memenuhi
HOME,,,,,,,1110610018304.0,Tidak Memenuhi
PDES,0.07717,0.18471001,0.07285,0.394,1.184,1.201,468325007360.0,Tidak Memenuhi
MGNA,0.05046,0.54187,0.25847998,0.12,-0.46,0.321,225093713920.0,Tidak Memenuhi
BLTZ,0.046269998,0.43568,0.12847,0.113,1.263,0.386,2097449140224.0,Tidak Memenuhi
GLOB,0.0336,0.0544,0.08337,-0.781,-0.487,0.002,172222349312.0,Tidak Memenuhi
MKNT,-0.043870002,0.022119999,0.02391,-0.301,,2.191,5500000256.0,Tidak Memenuhi
TFCO,0.00746,0.03881,0.01686,0.075,,6.691,2411538153472.0,Tidak Memenuhi
MYTX,0.03303,-0.051820002,0.09053001,-0.28,,0.288,278902145024.0,Tidak Memenuhi
AKKU,-0.00072999997,0.96836,-0.22418,-0.051,,3.158,257978548224.0,Tidak Memenuhi
NUSA,,,,,,,384999981056.0,Tidak Memenuhi
CNTX,-0.14142,-0.1224,-0.21763,-0.231,,0.204,9939999744.0,Tidak Memenuhi
TRIO,,,,,,,,Tidak Memenuhi
MABA,,,,,,,768259981312.0,Tidak Memenuhi
HOTL,,,,,,,177500012544.0,Tidak Memenuhi
UNIT,,,,,,,23833415680.0,Tidak Memenuhi
ADRO,0.041300002,0.37138999,0.2746,-0.153,-0.74,3.794,55399562608640.0,Tidak Memenuhi
PGAS,0.04656,0.16966999,0.13798,0.092,0.259,1.566,42180223696896.0,Tidak Memenuhi
PTBA,0.06311,0.16849001,0.047199998,0.025,-0.644,1.013,27634457116672.0,Memenuhi
ITMG,0.118360005,0.31266,0.0986,-0.22,-0.637,4.097,26553236848640.0,Tidak Memenuhi
BUMI,0.01549,0.15112,0.08028,0.156,-0.87,1.006,52729628065792.0,Tidak Memenuhi
HRUM,0.03524,0.18635,0.09875,0.047,-0.33,2.598,15417156304896.0,Tidak Memenuhi
PTRO,0.02795,0.11767,0.047020003,0.317,2.701,1.266,68585137373184.0,Tidak Memenuhi
CUAN,0.01107,0.10423,0.073410004,0.111,,1.499,225961987538944.0,Tidak Memenuhi
MEDC,0.0505,0.60998,0.25487,-0.052,-0.844,1.436,32828391686144.0,Tidak Memenuhi
ADMR,0.12028,0.43186,0.36207,-0.266,-0.435,2.36,57030853263360.0,Tidak Memenuhi
RAJA,0.0825,0.27418,0.20113,-0.005,-0.348,2.042,17119684067328.0,Tidak Memenuhi
AADI,0.12128,0.27344,0.25125998,-0.08,-0.64,2.238,66577923833856.0,Tidak Memenuhi
AKRA,0.0575,0.09206,0.052389998,0.102,0.006,1.559,24155718156288.0,Tidak Memenuhi
INDY,0.020299999,0.12054,0.059499998,-0.258,,1.621,10873626165248.0,Tidak Memenuhi
ENRG,0.06374,0.35985002,0.28946,0.038,0.073,0.545,21735640399872.0,Tidak Memenuhi
ELSA,0.047849998,0.09883001,0.060100004,0.053,0.756,1.494,3722235084800.0,Tidak Memenuhi
TOBA,-0.01509,0.06241,-0.15508,0.318,,1.209,6647209525248.0,Tidak Memenuhi
DEWA,0.02973,0.10604,0.10939,0.038,7.553,1.023,13589603680256.0,Tidak Memenuhi
RATU,0.22215,0.41280997,0.36917,-0.177,-0.577,5.677,21041667637248.0,Tidak Memenuhi
BSSR,0.17411,0.30915,0.17729001,-0.282,-0.211,2.047,10387505283072.0,Tidak Memenuhi
HUMI,0.041300002,0.24851,0.12042,0.045,-0.357,1.644,2273872445440.0,Tidak Memenuhi
ATLA,0.023829998,0.18268,0.088240005,0.026,0.702,8.636,415369822208.0,Tidak Memenuhi
CBRE,-0.05327,-0.030989999,0.22721,0.437,-0.315,0.343,5967558737920.0,Tidak Memenuhi
PSAT,,0.27305,0.14795999,0.298,-0.064,3.149,2008588353536.0,Tidak Memenuhi
DOID,-0.02299,0.039920002,-0.07151,-0.118,,0.87,2516151959552.0,Tidak Memenuhi
GEMS,0.23873,0.34653,0.11098,-0.239,-0.734,1.317,53235297550336.0,Tidak Memenuhi
BULL,0.05163,0.27708,0.21629,-0.197,-0.751,0.724,3377787305984.0,Tidak Memenuhi
BYAN,0.23663001,0.36951,0.22208999,-0.051,-0.209,1.922,605000032059392.0,Tidak Memenuhi
BIPI,0.031070001,0.22275,-0.05491,-0.489,,0.989,5160525889536.0,Tidak Memenuhi
ABMM,0.01381,0.08724,0.00598,-0.153,-0.845,0.918,8149368569856.0,Tidak Memenuhi
DSSA,0.07768,0.35573003,0.10483,-0.191,-0.81,1.821,523458769321984.0,Tidak Memenuhi
KKGI,0.03498,0.19428,0.04761,-0.416,-1.0,4.726,1588705361920.0,Tidak Memenuhi
TEBE,0.06996,0.41979998,0.31674,-0.212,0.551,13.29,3289599967232.0,Tidak Memenuhi
TPMA,0.105620004,0.34736001,0.22231,-0.093,-0.395,1.335,2062923333632.0,Tidak Memenuhi
SGER,0.05355,0.0496,0.06003,-0.563,-0.815,1.759,8728669061120.0,Tidak Memenuhi
FIRE,0.025120001,0.24014999,-0.02574,0.36,,0.872,123930509312.0,Tidak Memenuhi
MBAP,0.028789999,0.17216,-0.00564,-0.403,-0.876,4.831,1975907778560.0,Tidak Memenuhi
SOCI,0.031400003,0.26087,0.20856,-0.017,0.853,0.793,1538861957120.0,Tidak Memenuhi
GTSI,0.047670003,0.37615,0.16372,0.169,0.308,2.607,2009031245824.0,Tidak Memenuhi
MBSS,0.04394,0.37723,0.28488,0.193,-0.557,13.595,2537538715648.0,Tidak Memenuhi
APEX,0.016180001,0.23528999,0.07634,0.063,,4.702,482319466496.0,Tidak Memenuhi
CGAS,0.00294,0.14986,0.00427,-0.014,-0.89,3.227,253324361728.0,Tidak Memenuhi
MTFN,-0.1331,0.02884,0.0223,-0.073,,0.593,382104993792.0,Tidak Memenuhi
LEAD,0.04445,0.33042,0.20759001,-0.169,,1.119,469768929280.0,Tidak Memenuhi
COAL,0.04083,0.18825,0.52243,-0.678,-0.354,1.137,343749984256.0,Tidak Memenuhi
WINS,0.060450003,0.37179002,0.25019,0.011,-0.56,3.433,1895864729600.0,Tidak Memenuhi
IATA,0.015269999,0.54758,0.11894,-0.462,-0.714,1.03,2158032191488.0,Tidak Memenuhi
SMMT,0.02606,0.07835,0.056220002,1.5,0.44,1.751,6473249718272.0,Tidak Memenuhi
WOWS,0.01539,0.24936001,0.05826,0.382,,1.467,200533311488.0,Tidak Memenuhi
PSSI,0.01464,0.15459,-0.043080002,-0.369,-0.514,6.427,1843702005760.0,Tidak Memenuhi
SICO,0.06613,0.32448003,0.12684,0.732,0.031,5.126,121040338944.0,Tidak Memenuhi
BOAT,,0.23495,0.114020005,0.806,9.25,2.048,427204968448.0,Tidak Memenuhi
MAHA,0.09368,0.18530001,0.24459,0.251,-0.426,1.457,2328085659648.0,Memenuhi
UNIQ,0.08053,0.18345,0.08991,-0.067,-0.301,1.411,1086088085504.0,Tidak Memenuhi
BSML,0.04531,0.22473,0.12234,-0.784,-0.256,1.142,333040517120.0,Tidak Memenuhi
ITMA,0.000120000004,1.0,0.27534,5.317,-0.501,1.052,1348721836032.0,Tidak Memenuhi
BOSS,,,,,,,70000001024.0,Tidak Memenuhi
CNKO,0.17986,0.19278999,0.12588,-0.134,-0.304,0.369,635901640704.0,Tidak Memenuhi
TCPI,0.071880005,0.29419002,0.14096,0.031,1.25,1.737,39249999036416.0,Tidak Memenuhi
RUIS,0.039189998,0.10122,0.04067,-0.06,2.055,1.486,152460001280.0,Tidak Memenuhi
RMKE,0.09133001,0.23045999,0.16946,-0.634,-0.588,2.343,11550000676864.0,Tidak Memenuhi
JSKY,,,,,,,105692078080.0,Tidak Memenuhi
MYOH,0.086780004,0.23226,0.11722,-0.11,-0.084,4.142,3596289310720.0,Tidak Memenuhi
TAMU,-0.1499,0.0,0.80735,-0.957,-0.99,4.08,1012499939328.0,Tidak Memenuhi
MCOL,0.05647,0.22567,0.12854,-0.051,-0.568,3.114,13440016973824.0,Tidak Memenuhi
RGAS,0.06309,0.16564,0.055040002,0.503,0.803,12.268,143004942336.0,Tidak Memenuhi
DWGL,0.09974,0.10205,0.10345,0.125,,1.422,4274803179520.0,Tidak Memenuhi
HILL,0.02657,0.14438,0.07509,0.177,,0.743,2417606000640.0,Tidak Memenuhi
ARII,-0.013259999,0.048639998,-0.19424,-0.228,,0.656,960680034304.0,Tidak Memenuhi
GTBO,-0.05728,-0.09165,-0.161,-0.552,,1.275,499999997952.0,Tidak Memenuhi
BBRM,0.09372,0.48726,0.43585998,0.06,-0.625,7.925,729236176896.0,Tidak Memenuhi
RMKO,-0.07185,-0.19531,-0.56413,-0.13,,0.41,249999998976.0,Tidak Memenuhi
SHIP,0.0623,0.30712998,0.28002,-0.061,1.956,1.236,14822855933952.0,Tidak Memenuhi
PKPK,0.0673,0.34724,0.091730006,16.473,,0.541,660000014336.0,Tidak Memenuhi
SEMA,0.01768,0.21254,0.06533,1.593,9.498,2.216,136073150464.0,Tidak Memenuhi
RIGS,0.07059,0.3167,0.25634,0.082,0.283,40.191,484258349056.0,Memenuhi
BESS,0.08934,0.41867,0.27471,0.835,,7.0,5590739845120.0,Tidak Memenuhi
ALII,0.08297,0.4429,0.43987998,0.075,-0.081,1.591,8783319269376.0,Tidak Memenuhi
KOPI,0.03018,0.35173,0.15424,-0.06,,1.098,251016003584.0,Tidak Memenuhi
TRAM,,,,,,,2482180194304.0,Tidak Memenuhi
ARTI,0.00078,0.030150002,-1.75718,,,0.001,15680000000.0,Tidak Memenuhi
INPS,0.00341,0.15997,0.05685,-0.046,,0.144,115699998720.0,Tidak Memenuhi
PTIS,0.0133299995,0.17679001,0.03147,0.09,,5.044,221166452736.0,Tidak Memenuhi
AIMS,-0.11727,1.0,0.57217,14.238,,0.237,87120003072.0,Tidak Memenuhi
MKAP,0.10875,0.34590998,0.21865,0.196,0.75,2.213,1130999971840.0,Tidak Memenuhi
HITS,0.02676,0.22102,0.111899994,-0.005,-0.381,1.563,823725850624.0,Tidak Memenuhi
SUNI,0.13,0.29333,0.28473,-0.004,0.241,2.22,1974999973888.0,Tidak Memenuhi
SURE,-0.027579999,0.19262,0.06797,0.314,,2.187,4028481667072.0,Tidak Memenuhi
CANI,-0.12585,-0.52564,-0.95128995,-0.413,,0.058,35837919232.0,Tidak Memenuhi
SMRU,,,,,,,624969973760.0,Tidak Memenuhi
SUGI,,,,,,,,Tidak Memenuhi
KLBF,0.09329,0.39924,0.09561,0.126,0.165,3.85,57777833639936.0,Tidak Memenuhi
SIDO,0.24216999,0.58119,0.43833,0.233,0.702,7.231,16678200016896.0,Tidak Memenuhi
KAEF,-0.02138,0.28724,0.04137,-0.178,,0.594,3367785988096.0,Tidak Memenuhi
MIKA,0.11254,0.52332,0.32007998,0.068,0.055,2.857,35881301835776.0,Tidak Memenuhi
PYFA,-0.00164,0.23263,-0.08514,1.738,,1.118,5843079659520.0,Tidak Memenuhi
SILO,0.07637,0.38306,0.13429,0.069,-0.038,0.745,28182883336192.0,Tidak Memenuhi
DKHH,0.02625,0.31686002,0.09552,0.139,0.187,0.666,216750014464.0,Tidak Memenuhi
HEAL,0.053779997,0.31069002,0.14632,0.129,0.016,1.624,23048925216768.0,Tidak Memenuhi
INAF,-0.19674,-0.31599,-0.61399,-0.542,,0.117,390507724800.0,Tidak Memenuhi
TSPC,0.07625,0.37577,0.09984,-0.004,-0.293,3.194,12853113257984.0,Memenuhi
CHEK,,0.40131,0.12893,0.012,-0.177,4.99,781532987392.0,Tidak Memenuhi
IRRA,0.040310003,0.19660999,0.082440004,0.694,0.602,1.901,678517800960.0,Tidak Memenuhi
SURI,0.00035,0.10876001,0.029679999,2.111,2.586,4.623,633437487104.0,Tidak Memenuhi
PRDA,0.05552,0.5849,0.11792,-0.002,-0.142,6.53,2409375203328.0,Tidak Memenuhi
SAME,0.0126,0.2926,0.05585,0.047,,0.655,5212728197120.0,Tidak Memenuhi
OBAT,0.25401,0.45841,0.28106,0.1,-0.259,7.423,266400006144.0,Tidak Memenuhi
MDLA,0.05608,0.093430005,0.03348,0.114,-0.04,1.551,3307026513920.0,Tidak Memenuhi
PRIM,-0.00535,0.2703,-0.00126,0.243,,1.719,266887282688.0,Tidak Memenuhi
MERK,0.10519,0.36064,0.055630002,0.195,-0.604,5.566,1281280049152.0,Tidak Memenuhi
PEHA,-0.07334,0.37136,0.15627,0.309,,1.302,277200011264.0,Tidak Memenuhi
HALO,0.00526,0.11171,-0.05409,0.313,,2.839,644105764864.0,Tidak Memenuhi
MEDS,-0.08771,-0.117740005,-0.93422997,-0.625,,2.479,101562499072.0,Tidak Memenuhi
MMIX,0.080170006,0.57717,0.14517,0.683,,11.409,1219308027904.0,Tidak Memenuhi
DGNS,-0.00048000002,0.43726003,-0.00629,0.01,,3.738,179999997952.0,Tidak Memenuhi
DVLA,0.060539998,0.53933996,0.09644,0.073,0.53,2.544,1853600038912.0,Memenuhi
CARE,0.00133,0.44409,0.51294,-0.042,,0.668,10706499928064.0,Tidak Memenuhi
SOHO,0.07211,0.1559,0.06492,0.025,0.584,1.859,25891031744512.0,Tidak Memenuhi
SRAJ,0.01126,0.2798,0.00193,0.004,,1.318,143807769214976.0,Tidak Memenuhi
BMHS,0.01265,0.43521,0.034140002,0.022,5.742,1.885,1367943282688.0,Tidak Memenuhi
OMED,0.08442,0.33912,0.21646999,0.122,0.5,13.926,5274421690368.0,Tidak Memenuhi
PEVE,0.04304,0.110089995,0.02478,0.19,0.748,1.316,882812452864.0,Tidak Memenuhi
LABS,,0.36846,0.07187,0.487,4.105,3.018,568800051200.0,Tidak Memenuhi
MTMH,0.025309999,0.28462,0.13922,0.287,2.985,0.486,2368463437824.0,Tidak Memenuhi
RSCH,-0.034730002,0.17016001,-0.21601999,0.307,,6.19,1012299923456.0,Tidak Memenuhi
SCPI,,,,,,,,Tidak Memenuhi
IKPM,0.00463,0.43905997,-0.04935,-0.13,,1.507,387472392192.0,Tidak Memenuhi
PRAY,0.029749999,0.26936,0.12641,0.095,-0.334,3.077,11586320203776.0,Tidak Memenuhi
RSGK,0.033239998,0.31721002,0.12254,0.042,0.111,1.297,911081537536.0,Tidak Memenuhi
ASII,0.05495,0.19466,0.13086,0.009,0.023,1.304,248973851885568.0,Memenuhi
UNTR,0.09121,0.22963,0.17864001,0.067,-0.008,1.463,97695666536448.0,Memenuhi
HEXA,0.07315,0.20388001,0.08758,0.348,0.21,1.485,3906000125952.0,Tidak Memenuhi
PIPA,0.00932,0.40005,0.06712,0.062,,3.215,1007272591360.0,Tidak Memenuhi
SMIL,0.09255,0.45596,0.34614,0.283,0.396,4.381,4375834001408.0,Tidak Memenuhi
NAIK,,0.2901,0.14848,-0.191,-0.035,5.581,399274672128.0,Tidak Memenuhi
LABA,0.01123,0.43566,0.25038,6.711,,2.252,267023400960.0,Tidak Memenuhi
TOTO,0.079169996,0.27141002,0.17229,0.004,-0.03,4.361,2992800006144.0,Memenuhi
MHKI,0.063200004,0.50567,0.215,0.174,0.32,10.06,915000000512.0,Tidak Memenuhi
BHIT,0.01978,0.38524,0.113450006,-0.082,-0.115,1.27,2756910514176.0,Tidak Memenuhi
PTMP,0.03975,0.33609,0.03102,0.124,-0.888,3.173,250366803968.0,Tidak Memenuhi
MARK,0.19819,0.47704,0.42867002,-0.119,-0.014,5.037,2698000203776.0,Tidak Memenuhi
ASGR,0.05249,0.21719,0.10585,-0.019,0.097,2.832,1625280610304.0,Memenuhi
ARNA,0.13295999,0.31307,0.17655,0.071,-0.128,1.94,3879568670720.0,Tidak Memenuhi
INDX,-0.05657,0.0,-6.81977,3.896,,0.099,69190352896.0,Tidak Memenuhi
BNBR,0.02167,0.21677,0.01485,-0.122,,1.861,6936673124352.0,Tidak Memenuhi
GPSO,-0.061090004,0.48424998,-1.79003,-0.617,,4.693,550061408256.0,Tidak Memenuhi
IMPC,0.11212,0.38604,0.1899,0.091,0.174,2.125,129489665261568.0,Tidak Memenuhi
KBLI,0.05192,0.122930005,0.05866,0.044,-0.092,8.68,1330402033664.0,Tidak Memenuhi
KOBX,0.01511,0.15287,-0.01051,0.275,,0.793,374962487296.0,Tidak Memenuhi
SPTO,0.06728,0.29021,0.10515001,-0.053,-0.21,1.719,1741500055552.0,Memenuhi
CAKK,-0.0293,0.00995,-0.06622,0.38,,0.499,212984135680.0,Tidak Memenuhi
MLIA,0.02408,0.19791001,0.0194,0.001,-0.97,2.343,2275560128512.0,Tidak Memenuhi
CCSI,0.02115,0.20089,0.107329994,0.029,,2.826,477333356544.0,Tidak Memenuhi
NTBK,0.0069199996,0.15642999,0.0068900003,0.371,11.325,2.128,321307705344.0,Tidak Memenuhi
DYAN,0.03088,0.30138,0.08632,-0.175,1.174,1.743,376020860928.0,Tidak Memenuhi
SKRN,0.07897,0.37048998,0.23385,-0.029,-0.508,1.233,5943529570304.0,Tidak Memenuhi
IKAI,-0.02042,0.39281,-0.22147,-0.309,,0.346,172975390720.0,Tidak Memenuhi
MUTU,0.079780005,0.42381,0.0063099996,-0.034,-0.981,3.248,326866862080.0,Tidak Memenuhi
MDRN,0.08236,0.76392,2.0362601,0.035,4.474,0.199,343447568384.0,Tidak Memenuhi
JTPE,,0.21826,0.08217,-0.215,-0.208,1.743,2535258587136.0,Tidak Memenuhi
LION,-0.00957,0.26326,-0.01612,-0.332,,4.593,220547842048.0,Tidak Memenuhi
KUAS,0.046529997,0.30937,0.05683,0.073,-0.169,2.049,84032536576.0,Tidak Memenuhi
SCCO,0.04066,0.088199995,0.04437,-0.072,-0.138,7.824,1948930539520.0,Tidak Memenuhi
KBLM,0.035720002,0.06977,0.016280001,-0.035,-0.807,1.891,394240000000.0,Tidak Memenuhi
VOKS,-0.019650001,0.062069997,-0.04644,0.277,,1.11,1171880017920.0,Tidak Memenuhi
HOPE,,0.21275,-0.30618998,2.666,,0.434,236469977088.0,Tidak Memenuhi
VISI,0.027090002,0.08564,0.01705,-0.146,-0.842,2.25,614999982080.0,Tidak Memenuhi
SINI,0.00679,0.19875,-0.025179999,-0.106,,0.253,2873975111680.0,Tidak Memenuhi
BLUE,0.107080005,0.33788,0.13114999,0.052,0.158,15.032,681339977728.0,Tidak Memenuhi
JECC,0.05293,0.084589995,0.06407,0.178,1.627,1.274,850499993600.0,Tidak Memenuhi
ARKA,0.00457,0.15713,-0.012510001,0.615,-0.75,2.184,57999998976.0,Tidak Memenuhi
PADA,-0.00101,0.03362,0.01079,0.135,,1.931,315000029184.0,Tidak Memenuhi
AMIN,0.049850002,0.14525,0.10699,0.001,0.227,1.976,289440006144.0,Tidak Memenuhi
IKBI,0.05738,0.07113,0.04853,0.029,5.906,2.405,642600009728.0,Tidak Memenuhi
AMFG,0.03362,0.18957001,0.02096,-0.115,-0.924,1.57,1549379960832.0,Tidak Memenuhi
SOSS,0.02059,0.081020005,0.00959,0.093,0.506,2.067,799414222848.0,Tidak Memenuhi
FOLK,-0.16108999,-0.01791,-0.77779996,-0.014,,1.863,1065998221312.0,Tidak Memenuhi
ZBRA,-0.03156,0.18712,-1.27346,-0.895,,1.351,26710364160.0,Tidak Memenuhi
ICON,-0.00347,0.10657,0.00214,0.114,-0.996,0.923,52308000768.0,Tidak Memenuhi
BINO,-0.04789,0.22451,-0.01175,-0.129,,2.497,293515788288.0,Tidak Memenuhi
KONI,0.09245,0.22926001,0.05819,0.163,0.077,33.448,1179360034816.0,Tidak Memenuhi
INTA,0.012999999,0.19035,0.12569,0.372,,0.758,140445270016.0,Tidak Memenuhi
KIAS,-0.00984,0.04185,0.02971,0.274,,1.762,313511084032.0,Tidak Memenuhi
TIRA,0.029979998,0.38256,0.086260006,-0.075,,1.116,746759979008.0,Tidak Memenuhi
CRSN,0.05651,0.5422,0.03718,-0.015,-0.997,2.684,318120001536.0,Tidak Memenuhi
MFMI,0.071830004,0.42723,0.21856001,-0.001,-0.871,2.318,984855281664.0,Tidak Memenuhi
HYGN,0.07509,0.37386,0.05903,0.185,-0.08,2.647,431469953024.0,Tidak Memenuhi
IBFN,-0.12126,-0.049039997,0.22397,,,0.53,74349281280.0,Tidak Memenuhi
APII,0.03141,0.53077,0.16412,0.062,1.921,1.45,189333766144.0,Tidak Memenuhi
CTTH,-0.00071000005,0.22764999,-0.120629996,-0.114,,2.607,104621383680.0,Tidak Memenuhi
KOIN,-0.02111,0.07491,-0.00636,0.039,,0.809,69639905280.0,Tidak Memenuhi
TRIL,,,,,,,,Tidak Memenuhi
TLKM,0.083409995,0.5877,0.25566998,-0.009,-0.187,0.772,317989714919424.0,Tidak Memenuhi
ADHI,0.01128,0.16233999,0.03889,-0.471,,1.114,2202793410560.0,Tidak Memenuhi
CDIA,,0.19670999,0.19642,0.419,2.976,11.887,226565313003520.0,Tidak Memenuhi
JSMR,0.041589998,0.42591998,0.37528,-0.077,-0.453,0.444,25910600269824.0,Tidak Memenuhi
WIKA,-0.02246,0.0766,-0.093100004,-0.314,,1.564,8133880578048.0,Tidak Memenuhi
PTPP,-5e-05,0.15237,0.051599998,-0.227,,1.324,2362800340992.0,Tidak Memenuhi
WSKT,,,,,,,5818974994432.0,Tidak Memenuhi
BREN,0.07406,0.97147006,0.6881,0.034,0.07,1.897,1160595457966080.0,Tidak Memenuhi
PGEO,0.04125,0.5591,0.42886,0.115,-0.078,4.599,54569572761600.0,Tidak Memenuhi
EXCL,0.02562,0.60040003,-0.00526,0.218,,0.394,44644536680448.0,Tidak Memenuhi
ISAT,0.054780003,0.54104,0.18363,0.016,0.095,0.366,60792779046912.0,Tidak Memenuhi
TOWR,0.06355,0.92275,0.59348,0.025,0.063,0.187,32208467263488.0,Tidak Memenuhi
INET,0.0234,0.36602002,0.24457,3.411,13.616,7.691,2576946561024.0,Tidak Memenuhi
SSIA,0.051069997,0.25947002,0.029860001,-0.021,,2.77,7242018455552.0,Tidak Memenuhi
DATA,0.28612,0.75387,0.22251,0.103,-0.273,1.234,8078125170688.0,Tidak Memenuhi
POWR,0.058930002,0.46985,0.19955999,0.034,0.491,6.7,11160111808512.0,Tidak Memenuhi
TBIG,0.05867,0.71652,0.63192004,0.005,0.09,0.175,53089872642048.0,Tidak Memenuhi
WEGE,-0.0031400002,0.09702,-0.0026699998,-0.598,-0.995,1.941,622179975168.0,Tidak Memenuhi
TOTL,0.06007,0.19884,0.12964,0.339,0.647,1.207,3000799854592.0,Tidak Memenuhi
IPCC,0.1011,0.41237998,0.37817,0.085,0.135,5.26,2145693990912.0,Tidak Memenuhi
MTEL,0.045700002,0.89892995,0.43738997,-0.045,0.167,0.382,45657242992640.0,Tidak Memenuhi
KOKA,-0.039049998,0.07041,-1.62125,-0.629,,4.787,1173146566656.0,Tidak Memenuhi
KRYA,-0.21957001,-0.25278,-1.1605201,-0.527,,1.33,306165579776.0,Tidak Memenuhi
KBLV,-0.01005,0.44926,-7.2809496,-0.798,,0.222,336238411776.0,Tidak Memenuhi
NRCA,0.045089997,0.11807,0.06414,-0.086,0.11,1.794,1836813516800.0,Tidak Memenuhi
OASA,-0.040949997,-0.068119995,-1.7598399,-0.764,,0.504,1269443985408.0,Tidak Memenuhi
PPRE,0.05593,0.22094,0.20039,0.24,14.172,1.735,1254410420224.0,Tidak Memenuhi
ACST,-0.0363,-0.0014399999,-0.086739995,-0.385,,1.005,2297770803200.0,Tidak Memenuhi
JKON,0.01129,0.13395001,0.045539998,-0.095,-0.455,2.222,1353607151616.0,Tidak Memenuhi
JAST,-0.0113,0.27138,-0.01091,0.729,,1.008,99596967936.0,Tidak Memenuhi
CENT,0.00415,0.38037,-0.43987,0.028,,0.385,4240951214080.0,Tidak Memenuhi
KEEN,0.029830001,0.60652,0.75825995,-0.291,-0.343,1.69,3647980961792.0,Tidak Memenuhi
LINK,-0.04586,0.39373,-0.23665,0.425,,0.345,9382890831872.0,Tidak Memenuhi
GMFI,0.052800003,0.50488997,0.05686,-0.291,-0.648,0.879,3568768122880.0,Tidak Memenuhi
HGII,0.02727,0.80531,0.37083,-0.565,-0.814,8.62,1033499967488.0,Tidak Memenuhi
IPCM,0.09118,0.30597,0.16027,0.091,0.183,2.644,1709673938944.0,Memenuhi
PBSA,0.15012999,0.19673,0.14245,1.352,2.939,1.787,2759999881216.0,Tidak Memenuhi
CMNP,0.0461,0.41769,0.39005002,0.398,-0.282,0.941,8219600093184.0,Tidak Memenuhi
MPOW,-0.02617,0.04281,-0.24529,0.107,,0.382,93137666048.0,Tidak Memenuhi
KETR,0.08347,0.4369,0.35362,1.99,1.952,1.795,1324028526592.0,Tidak Memenuhi
ARKO,0.0054400004,0.25978002,0.087290004,0.313,0.078,2.962,4656307109888.0,Tidak Memenuhi
META,,,,,,,4123410563072.0,Tidak Memenuhi
DGIK,0.0177,0.13503,0.052810002,0.143,0.05,1.255,503813144576.0,Tidak Memenuhi
KARW,0.01441,0.18098,-0.22327,0.062,,0.136,292402036736.0,Tidak Memenuhi
BDKR,0.01631,0.3939,0.05076,-0.286,-0.691,4.14,812717441024.0,Tidak Memenuhi
ASLI,0.0123000005,0.16763,-0.23077999,0.035,,3.057,1249999978496.0,Tidak Memenuhi
TGRA,-0.01675,0.0,0.0,,,0.244,74250002432.0,Tidak Memenuhi
CASS,0.21225001,0.30923998,0.27969,0.156,1.036,3.352,5739112300544.0,Tidak Memenuhi
BALI,0.054279998,0.52967,0.43648997,0.251,0.696,0.976,4839548911616.0,Tidak Memenuhi
BUKK,0.01964,0.30221,0.33584,-0.049,0.145,1.137,2508429459456.0,Tidak Memenuhi
IDPR,0.029140001,0.16006,0.04598,0.108,,1.165,660990001152.0,Tidak Memenuhi
HADE,-0.28076,0.069,-0.13005,0.018,,2.912,52999999488.0,Tidak Memenuhi
MTPS,-0.05515,0.0,0.0,,,0.945,187636580352.0,Tidak Memenuhi
GOLD,0.03213,0.61751,0.41555,0.065,-0.033,1.497,378073710592.0,Tidak Memenuhi
TAMA,0.01919,0.49661,0.22729,0.354,,0.192,39600021504.0,Tidak Memenuhi
TOPS,-0.00632,-0.05088,-0.18688999,-1.0,,2.324,33329999872.0,Tidak Memenuhi
PTDU,-0.094560005,0.20537001,0.049640004,2.993,-0.992,0.299,24000000000.0,Tidak Memenuhi
GHON,0.060100004,0.75957,0.60797,-0.012,-0.213,0.432,935000014848.0,Tidak Memenuhi
MORA,0.031600002,0.43701,0.24361,-0.105,-0.593,1.881,35115302387712.0,Tidak Memenuhi
PORT,0.07379,0.28965,0.23385,0.07,,2.527,3629985300480.0,Tidak Memenuhi
RONY,-0.111090004,0.45393002,-0.71979,-0.283,,3.771,4337499897856.0,Tidak Memenuhi
SUPR,0.08303001,0.96909,0.71046996,-0.025,0.209,0.154,49882865860608.0,Tidak Memenuhi
BTEL,,,,,,,1833194881024.0,Tidak Memenuhi
IBST,0.07186,0.93016,0.68646,-0.005,,0.373,6788297523200.0,Tidak Memenuhi
PTPW,0.0383,0.33437002,0.21603,-0.036,1.72,5.188,851841908736.0,Tidak Memenuhi
LCKM,0.00542,0.17132,-8.04208,-0.909,,14.476,207999991808.0,Tidak Memenuhi
MTRA,,,,,,,187879997440.0,Tidak Memenuhi
UNVR,0.18226999,0.47616002,0.16527,0.124,1.132,0.5,97991583072256.0,Tidak Memenuhi
INDF,0.07112,0.33973,0.17940001,0.067,1.217,2.223,64975154446336.0,Tidak Memenuhi
ICBP,0.07599,0.35546002,0.20004,0.022,1.429,3.409,101458603147264.0,Tidak Memenuhi
GGRM,0.00606,0.08708,0.00985,-0.103,-0.961,2.594,33286724255744.0,Tidak Memenuhi
AALI,0.04449,0.17047001,0.06492,0.284,0.226,2.727,15012569546752.0,Tidak Memenuhi
JPFA,0.08022001,0.19502,0.07575,-0.042,-0.318,1.142,29185449918464.0,Tidak Memenuhi
MYOR,0.07305,0.21141,0.09075,-0.006,1.313,2.961,47472512598016.0,Tidak Memenuhi
CPIN,0.08262,0.15347,0.041789997,-0.099,-0.656,2.489,76578662907904.0,Tidak Memenuhi
HMSP,0.10429,0.37377998,0.15511,-0.073,-0.804,1.656,101778318163968.0,Tidak Memenuhi
LSIP,0.094639994,0.45945,0.33713,0.12,-0.019,6.636,9582048968704.0,Memenuhi
AMRT,0.06831,0.21639,0.03534,0.038,0.005,1.037,83464250458112.0,Tidak Memenuhi
MLPL,0.00397,0.16082,0.00562,-0.014,,1.057,2076576972800.0,Tidak Memenuhi
ULTJ,0.1065,0.33606997,0.19997999,0.008,1.833,8.968,15597262864384.0,Tidak Memenuhi
FORE,0.0629,0.60084,0.051680002,0.374,0.098,1.575,4682138255360.0,Tidak Memenuhi
GZCO,0.03987,0.28349,0.10557,0.415,,0.347,1728000032768.0,Tidak Memenuhi
TAPG,0.17294,0.41854,0.32549,0.247,0.541,2.269,37322775068672.0,Tidak Memenuhi
CLEO,0.14477,0.56703,0.17841,0.041,-0.222,1.252,12959999852544.0,Tidak Memenuhi
BWPT,0.07087,0.28537,0.20358999,0.402,0.41,0.654,4730599768064.0,Tidak Memenuhi
SIMP,0.06982,0.31496,0.16535999,0.286,0.457,1.643,9688319000576.0,Tidak Memenuhi
WIIM,0.08758,0.37744,0.12847,0.206,0.326,2.284,2906082508800.0,Tidak Memenuhi
MPPA,0.0072600003,0.16564,-4.0000003e-05,-0.081,,0.778,803931684864.0,Tidak Memenuhi
HOKI,-0.0046200003,0.09126,0.05327,-0.222,2.253,1.773,716153683968.0,Tidak Memenuhi
JARR,0.08687,0.14633,0.10154,0.146,-0.058,4.79,36091897839616.0,Tidak Memenuhi
CPRO,0.08217,0.20615,0.0892,0.068,0.68,1.075,3574343139328.0,Tidak Memenuhi
DSNG,0.09892,0.31346,0.2299,0.16,0.124,1.31,19980703760384.0,Tidak Memenuhi
IKAN,0.010629999,0.16176,0.034,-0.077,,2.043,94999961600.0,Tidak Memenuhi
SMAR,0.03599,0.10278,0.030550001,0.228,1.816,1.704,15007210274816.0,Tidak Memenuhi
GOOD,0.07132,0.27479,0.08886,0.065,-0.084,1.351,13276047998976.0,Tidak Memenuhi
SSMS,0.11914,0.33851,0.17513001,0.346,2.317,1.099,15335249936384.0,Tidak Memenuhi
BTEK,-0.02234,-0.34333,-0.87845004,-0.902,,7.251,555329978368.0,Tidak Memenuhi
MIDI,0.065019995,0.25691998,0.05254,0.0,0.41,1.012,13842211930112.0,Tidak Memenuhi
MAIN,0.04585,0.08718,-0.00904,-0.095,,1.505,1893797855232.0,Tidak Memenuhi
COCO,-0.12186,0.07718,-1.7010499,-0.053,,1.349,1459377012736.0,Tidak Memenuhi
PGUN,0.062459998,0.33481997,0.19374001,0.182,1.265,1.517,83342254931968.0,Tidak Memenuhi
CAMP,0.04713,0.55897,0.04888,-0.009,-0.556,5.133,1259389976576.0,Tidak Memenuhi
ANJT,0.0525,0.26356,0.26161,-0.052,,0.512,7245017907200.0,Tidak Memenuhi
WMUU,-0.02191,-0.0919,-0.07323,1.227,,1.257,388235296768.0,Tidak Memenuhi
SGRO,0.105900005,0.33321998,0.22565001,0.424,3.19,1.083,9138575769600.0,Tidak Memenuhi
PTPS,0.15849,0.66414,0.62416,0.235,1.115,34.933,442173030400.0,Tidak Memenuhi
AISA,0.04527,0.36995,0.04464,-0.002,-0.534,1.095,551829438464.0,Tidak Memenuhi
TBLA,0.05499,0.16971001,0.106800005,0.269,1.146,1.249,4475335999488.0,Tidak Memenuhi
CMRY,0.15752,0.45259,0.2356,0.206,0.235,2.939,45029326323712.0,Tidak Memenuhi
ROTI,0.06765,0.51909,0.0765,-0.062,-0.305,1.071,4503052484608.0,Tidak Memenuhi
ITIC,0.04306,0.24440001,0.21292,0.027,0.073,1.45,438375514112.0,Tidak Memenuhi
NASI,0.00678,0.133,0.019650001,-0.032,,2.559,79125200896.0,Tidak Memenuhi
BEEF,0.089090005,0.059699997,0.02735,0.219,,1.117,3897719783424.0,Tidak Memenuhi
BRRC,0.02696,0.18465,0.01184,0.113,,2.441,131152502784.0,Tidak Memenuhi
OILS,0.03814,0.04366,0.0100300005,0.754,0.639,1.259,91719426048.0,Tidak Memenuhi
DSFI,0.03599,0.15179,0.078379996,0.243,0.122,2.238,161570783232.0,Tidak Memenuhi
KEJU,0.13631,0.30605,0.13803001,0.165,0.356,2.595,4078124924928.0,Tidak Memenuhi
CSRA,0.12212,0.43554002,0.17349,0.815,0.221,1.699,1773250019328.0,Tidak Memenuhi
CEKA,0.08682,0.05386,0.02628,0.19,-0.501,4.44,1493449965568.0,Tidak Memenuhi
ADES,0.1676,0.51794,0.32779,0.529,0.659,4.021,9379359227904.0,Tidak Memenuhi
KINO,0.02475,0.44098,0.03879,-0.029,0.153,0.687,1778676400128.0,Tidak Memenuhi
ISEA,0.03925,0.16233999,0.058029998,1.488,3.113,1.49,119541145600.0,Tidak Memenuhi
NSSS,0.16356,0.55234003,0.56048,0.414,1.117,1.566,12138800218112.0,Tidak Memenuhi
STRK,-0.09861,0.01748,-3.31078,-0.547,,10.583,1972817887232.0,Tidak Memenuhi
MRAT,0.00364,0.45793998,0.02727,0.138,-0.151,2.632,174623997952.0,Tidak Memenuhi
STAA,0.17635,0.35077,0.25634,0.723,0.275,2.47,15155688636416.0,Tidak Memenuhi
PMMP,-0.02261,0.02846,0.56109,-0.932,,1.131,129415004160.0,Tidak Memenuhi
ASHA,-0.13590999,-0.06211,-0.16093999,-0.359,0.63,3.935,269999996928.0,Tidak Memenuhi
BISI,0.02113,0.38662,0.02152,-0.307,-0.995,12.243,2670000078848.0,Tidak Memenuhi
JAWA,0.029949998,0.15513,0.13299,1.153,,1.233,2581039415296.0,Tidak Memenuhi
WAPO,-0.02303,0.013730001,-0.00215,-0.009,,1.257,217161547776.0,Tidak Memenuhi
RANC,-0.01492,0.24458,-0.0020299999,-0.003,,0.895,1251590012928.0,Tidak Memenuhi
UCID,0.00777,0.1833,-0.01362,-0.173,,2.287,1787326103552.0,Tidak Memenuhi
MBTO,0.003,0.4039,-0.05795,-0.218,,0.611,220419997696.0,Tidak Memenuhi
GULA,0.0222,0.051370002,0.05446,-0.513,,1.518,445270786048.0,Tidak Memenuhi
ANDI,-0.039419997,0.034930002,-0.11455,0.303,,0.568,224399982592.0,Tidak Memenuhi
DEWI,0.02172,0.13335,0.10644,0.445,,7.03,237999996928.0,Tidak Memenuhi
TAYS,-0.06073,0.07391,-0.97789,-0.889,,0.571,79122235392.0,Tidak Memenuhi
DMND,0.03501,0.19923,0.03741,0.129,0.38,3.124,5823040323584.0,Tidak Memenuhi
YUPI,,0.32579,0.24425,-0.047,-0.106,6.034,14525630775296.0,Tidak Memenuhi
BUDI,0.03453,0.111099996,0.08095,-0.26,-0.45,1.703,1033468248064.0,Tidak Memenuhi
MLBI,0.25954,0.62141,0.42562,-0.043,-0.061,0.891,12378625277952.0,Tidak Memenuhi
PSDN,,0.03895,-0.89931,-1.0,,0.131,154080002048.0,Tidak Memenuhi
NEST,0.02953,0.06716,0.11573,-0.056,3.143,7.455,1488724951040.0,Tidak Memenuhi
FOOD,-0.29215,0.106070004,-0.22118,0.218,,0.408,243099992064.0,Tidak Memenuhi
AYAM,-0.0028,0.03636,-0.05765,-0.185,,0.983,712000012288.0,Tidak Memenuhi
STTP,0.1014,0.31677,0.20372,0.088,0.045,10.706,13460250296320.0,Tidak Memenuhi
LAPD,,,,,,,793270026240.0,Tidak Memenuhi
MKTR,0.05262,0.17592,0.091409996,0.078,1.173,3.181,1807901786112.0,Tidak Memenuhi
PSGO,0.08456001,0.31083,0.19632,-0.084,-0.246,2.471,4335500263424.0,Tidak Memenuhi
TLDN,0.15752,0.38574,0.20007999,0.259,1.146,1.279,9515699273728.0,Tidak Memenuhi
PCAR,-0.00354,0.098859996,-0.00464,0.081,,4.966,42000003072.0,Tidak Memenuhi
DLTA,,0.70175004,0.2343,0.063,0.125,2.911,1649357750272.0,Tidak Memenuhi
EPMT,0.053629998,0.09883001,0.03388,0.105,-0.048,2.356,6284044664832.0,Tidak Memenuhi
TGUK,-0.34232,0.0,-4.02755,-0.967,,0.062,489288925184.0,Tidak Memenuhi
MAXI,0.017029999,0.27418,0.110819995,0.093,-0.368,1.518,538165575680.0,Tidak Memenuhi
GUNA,0.090270005,0.13036999,0.08805,0.381,0.713,1.942,680000028672.0,Tidak Memenuhi
PNGO,0.15097,0.25708,0.18911,-0.01,0.237,1.186,2335937396736.0,Tidak Memenuhi
HERO,0.03619,0.40355998,0.08236,-0.031,-0.706,0.544,2447425929216.0,Tidak Memenuhi
SKBM,-0.00778,0.16702,0.06789,0.121,,1.433,813148471296.0,Tidak Memenuhi
SKLT,0.072340004,0.25335,0.051960003,0.133,0.062,1.684,1308900982784.0,Tidak Memenuhi
UNSP,0.05776,0.29615998,0.16165,0.04,,0.11,425027600384.0,Tidak Memenuhi
MGRO,0.0145000005,0.08033,-0.00177,1.004,,0.812,2714473070592.0,Tidak Memenuhi
BEER,0.01047,0.47724998,0.15095,-0.189,2.459,17.683,503999987712.0,Tidak Memenuhi
SDPC,0.032980002,0.08638,0.0249,-0.004,-0.223,1.103,177086005248.0,Tidak Memenuhi
TCID,-0.02079,0.2039,0.037639998,0.163,,5.142,1246613340160.0,Tidak Memenuhi
FISH,0.01873,0.04074,0.0311,-0.064,-0.504,1.349,9431999840256.0,Tidak Memenuhi
IPPE,0.00666,0.30675,-0.60707,-0.447,,11.404,64399998976.0,Tidak Memenuhi
DPUM,0.01123,0.040749997,0.0054900004,0.133,,2.508,249872400384.0,Tidak Memenuhi
MSJA,0.03813,0.18787001,0.11095,-0.098,-0.704,2.255,1717647179776.0,Tidak Memenuhi
KMDS,0.15349,0.30087,0.15538,0.32,0.109,3.751,556000018432.0,Tidak Memenuhi
BUAH,0.108500004,0.074200004,0.03753,0.472,3.402,1.638,1459999997952.0,Tidak Memenuhi
TGKA,0.054569997,0.09335,0.019809999,0.058,-0.03,2.038,4868011458560.0,Tidak Memenuhi
ENZO,0.02894,0.12417,0.00501,-0.439,,1.696,86501883904.0,Tidak Memenuhi
BOBA,0.09109,0.32334998,0.2233,0.079,0.68,3.792,242707496960.0,Tidak Memenuhi
WMPP,,,,,,,353028014080.0,Tidak Memenuhi
WINE,0.086840004,0.4225,0.24305001,-0.016,-0.102,2.789,536580030464.0,Tidak Memenuhi
CBUT,0.05831,0.14251,0.022939999,0.827,4.437,1.313,4156249866240.0,Tidak Memenuhi
VICI,0.10561,0.55559,0.16097,-0.022,-0.159,4.379,4158959910912.0,Tidak Memenuhi
DAYA,0.092530005,0.32434,0.04563,0.355,0.453,0.779,3098300383232.0,Tidak Memenuhi
CRAB,0.07293,0.15138,0.05499,-0.117,-0.05,3.672,561600004096.0,Tidak Memenuhi
AGAR,0.01584,0.08145001,-0.026300002,-0.443,,1.585,242000003072.0,Tidak Memenuhi
FAPA,0.10012999,0.28698,0.20528999,0.326,0.728,0.79,21432685821952.0,Tidak Memenuhi
SIPD,0.00044,0.08081,-0.03859,-0.111,,0.952,1296566976512.0,Tidak Memenuhi
TRGU,0.02219,0.046409998,0.071669996,-0.244,,0.929,1485792215040.0,Tidak Memenuhi
ALTO,-0.02279,-0.02378,-1.0428,-0.821,,0.644,39453667328.0,Tidak Memenuhi
GOLL,,,,,,,183249993728.0,Tidak Memenuhi
WICO,-0.35739,0.11903,-0.122609995,-0.379,,0.278,294426378240.0,Tidak Memenuhi
MAGP,,,,,,,449999962112.0,Tidak Memenuhi
CTRA,0.04912,0.46292,0.27974,0.158,0.053,1.722,16404089667584.0,Memenuhi
BSDE,0.03263,0.60447,0.37304002,0.033,0.08,2.515,20495126757376.0,Tidak Memenuhi
PWON,0.05243,0.56353,0.41426998,0.144,-0.277,3.976,17722733756416.0,Memenuhi
SMRA,0.053200003,0.5004,0.29899,-0.3,-0.15,1.177,6471359135744.0,Tidak Memenuhi
PANI,0.02094,0.57589,0.49537998,0.463,0.346,1.889,237508235362304.0,Tidak Memenuhi
KIJA,0.066420004,0.41669,0.31983998,-0.152,0.525,6.48,3927416242176.0,Memenuhi
CBDK,0.0374,0.58054,0.56474,0.661,0.824,1.289,35997798629376.0,Tidak Memenuhi
DMAS,0.06973,0.69428,0.29992,-0.839,-0.823,12.545,6410348789760.0,Memenuhi
DADA,0.0106,0.62312,0.25320998,0.08,7.691,0.6,371576537088.0,Tidak Memenuhi
ASRI,0.0251,0.52786,0.29197,-0.413,,0.992,3183204630528.0,Tidak Memenuhi
BKSL,0.00978,0.51814,0.37444,0.852,,0.895,19621941870592.0,Tidak Memenuhi
LPKR,0.00745,0.35844,0.0387,-0.411,,4.432,6308081172480.0,Tidak Memenuhi
BSBK,0.03274,0.65415,0.40161,0.045,-0.114,1.282,1781523677184.0,Memenuhi
APLN,0.03159,0.43596,0.12005,-0.306,,2.004,2269932683264.0,Tidak Memenuhi
REAL,0.03968,0.24609,0.073850006,0.527,0.184,24.073,497520771072.0,Tidak Memenuhi
DILD,0.02168,0.32875,0.22724001,-0.118,-0.996,1.198,1389024378880.0,Tidak Memenuhi
BEST,0.010779999,0.58901,0.00404,-0.566,,9.034,1032262254592.0,Tidak Memenuhi
PPRO,-0.00439,-0.107259996,-0.08701,-0.095,,4.211,1295189147648.0,Tidak Memenuhi
MMLP,0.02454,0.9317,0.68299,0.027,4.074,1.75,3823469592576.0,Tidak Memenuhi
LPCK,-0.081870005,0.19578,0.05723,3.28,1.012,2.303,3157831712768.0,Tidak Memenuhi
UANG,-0.01437,0.58007,0.041589998,0.534,,1.369,2528900022272.0,Tidak Memenuhi
PAMG,0.01334,0.4659,0.20108,-0.063,,0.613,203124998144.0,Tidak Memenuhi
MDLN,0.00798,0.47319,-3.13711,0.48,,0.792,704891650048.0,Tidak Memenuhi
GPRA,0.055370003,0.681,0.20694,-0.399,0.05,5.24,568795136000.0,Tidak Memenuhi
ADCP,0.00211,0.28886,0.00903,-0.51,-0.998,1.516,1222222151680.0,Tidak Memenuhi
ELTY,0.0078799995,0.31076,0.15263,0.203,2.199,0.876,826916339712.0,Tidak Memenuhi
JRPT,0.05688,0.54642,0.43342,0.148,0.203,1.121,11103218171904.0,Memenuhi
BCIP,0.00296,0.3975,0.099989995,0.429,-0.113,3.015,160150536192.0,Tidak Memenuhi
BAPA,-0.02138,0.13292,-26.265831,-0.915,,1.772,44339560448.0,Tidak Memenuhi
WINR,0.020079998,0.50536996,0.33812,5.752,,5.759,193706704896.0,Tidak Memenuhi
SMDM,0.00829,0.55554,0.12897,-0.722,-0.944,6.031,3984735338496.0,Tidak Memenuhi
CSIS,,0.42296,0.4907,0.039,0.096,2.705,295382024192.0,Tidak Memenuhi
KOCI,0.08863,0.43828,0.2894,-0.109,-0.153,8.352,375326048256.0,Tidak Memenuhi
TRIN,-0.0322,0.23357001,-0.1163,-0.402,,1.641,1749687861248.0,Tidak Memenuhi
KSIX,0.01396,0.58509,0.13687,-0.553,-0.776,47.696,748241158144.0,Tidak Memenuhi
CITY,0.009459999,0.54657,0.13819,0.26,2.061,7.272,908071796736.0,Tidak Memenuhi
AMAN,0.04235,0.65308,0.33192003,-0.105,-0.285,2.314,546163490816.0,Tidak Memenuhi
KBAG,-0.033099998,0.53303003,-4.43147,-0.754,,3.768,307450118144.0,Tidak Memenuhi
NZIA,-0.00484,0.37048998,0.06321,-0.248,,7.114,243927007232.0,Tidak Memenuhi
TRUE,-0.0177,0.33341,-0.35483003,-0.502,,1.899,946388467712.0,Tidak Memenuhi
LAND,0.0043099998,0.47637,0.15865,-0.273,-0.853,0.936,92156461056.0,Tidak Memenuhi
DUTI,0.0364,0.59056,0.24184,-0.544,-0.869,4.3,8065999962112.0,Tidak Memenuhi
INDO,0.01636,0.66353995,2.50659,0.067,0.596,70.721,1039532097536.0,Tidak Memenuhi
ASPI,0.0037,0.48178002,-1.3642501,-0.972,,5.33,536791449600.0,Tidak Memenuhi
GRIA,0.00223,0.28635,0.05314,0.257,0.244,4.519,737572028416.0,Tidak Memenuhi
BAPI,-0.00287,0.30392998,-1.62939,-0.333,,6.608,117431582720.0,Tidak Memenuhi
LPLI,-0.01114,0.094469994,-0.81864,-0.184,,141.798,632033705984.0,Tidak Memenuhi
SAGE,-0.0047299997,0.51264,-9.59271,-0.972,,4.815,224938770432.0,Tidak Memenuhi
RBMS,-0.00438,0.57442003,-0.00075999997,0.387,,1.433,90311229440.0,Tidak Memenuhi
TARA,-0.0017,0.61288,-0.25502002,-0.382,,1.179,241671487488.0,Tidak Memenuhi
MTLA,0.04881,0.47476003,0.30875,0.005,0.152,3.844,3291704459264.0,Tidak Memenuhi
VAST,0.029719999,0.86814004,0.56714,0.032,0.031,0.642,455302381568.0,Tidak Memenuhi
PURI,-0.0050199996,0.32331002,-0.051370002,1.091,,1.203,463999991808.0,Tidak Memenuhi
SATU,-0.01235,0.46778,0.050419997,-0.301,,1.395,349250027520.0,Tidak Memenuhi
RODA,-0.00403,0.57951,-0.63208,-0.501,,4.549,557277249536.0,Tidak Memenuhi
EMDE,0.09819999,0.45266998,0.13735,-0.016,,2.469,324949999616.0,Memenuhi
RISE,0.01364,0.45863998,0.15035,0.067,1.153,2.613,126141134274560.0,Tidak Memenuhi
MPRO,-0.00825,0.29538,-2.66651,41.39,,0.034,64626251268096.0,Tidak Memenuhi
HOMI,0.00257,0.24471001,0.15810001,-0.038,-0.697,1.558,686700036096.0,Tidak Memenuhi
PLIN,0.03201,0.65410006,0.47035998,0.026,-0.003,1.531,8874741465088.0,Tidak Memenuhi
BBSS,-0.00318,0.89766,-1.33367,0.476,,52.196,1708805586944.0,Tidak Memenuhi
FMII,0.02059,0.69535005,0.48490003,-1.0,,2.707,2316800098304.0,Tidak Memenuhi
ATAP,-0.0076599997,0.37704,0.016619999,-0.228,,5.953,116250001408.0,Tidak Memenuhi
PUDP,-0.015420001,0.54869,-0.19376,-0.137,0.705,16.944,563547602944.0,Tidak Memenuhi
NASA,0.00332,0.81911004,0.44047,-0.238,-0.356,2.311,330147856384.0,Tidak Memenuhi
MKPI,0.07892,0.54093,0.44020998,-0.042,-0.135,1.658,22543312355328.0,Tidak Memenuhi
BKDP,-0.02574,-0.12672,-0.87023,0.351,,0.278,315587657728.0,Tidak Memenuhi
RDTX,0.06623,0.64972,0.63483,0.062,0.686,2.63,3333120065536.0,Tidak Memenuhi
CBPE,0.0887,0.67087996,0.45715,-0.266,-0.358,3.622,360762507264.0,Tidak Memenuhi
URBN,-0.0022,0.0,-0.29571,,,1.101,446102536192.0,Tidak Memenuhi
POLL,0.0087,0.43167,0.24745001,-0.249,-0.64,1.442,931708207104.0,Tidak Memenuhi
GMTD,0.02159,0.48291,0.20472,0.46,0.17,4.634,2162759303168.0,Tidak Memenuhi
BIPP,0.02192,0.47481,0.25358,0.007,,1.23,211204112384.0,Tidak Memenuhi
DART,0.00797,0.47397,0.18747999,0.056,,0.079,518329499648.0,Tidak Memenuhi
MTSM,-0.00925,0.29869,0.03421,0.981,,2.586,116423999488.0,Tidak Memenuhi
INPP,0.021710001,0.58278,0.19003999,0.993,-0.466,2.67,7715560095744.0,Tidak Memenuhi
OMRE,-0.02441,-0.20119,-3.3613,-0.561,,0.114,1390139539456.0,Tidak Memenuhi
POSA,,,,,,,419443507200.0,Tidak Memenuhi
POLI,0.030079998,0.47414002,0.25351998,1.421,1.898,1.475,1528000151552.0,Tidak Memenuhi
ROCK,0.011770001,0.49168,0.25794,0.244,-0.13,1.265,853935194112.0,Tidak Memenuhi
NIRO,0.01342,0.48310003,0.13057,0.222,,1.791,6171286568960.0,Tidak Memenuhi
BIKA,-0.0019,0.53830004,-0.66290003,-0.277,,1.13,32575399936.0,Tidak Memenuhi
CPRI,,,,,,,121668993024.0,Tidak Memenuhi
RIMO,,,,,,,2202480148480.0,Tidak Memenuhi
ARMY,,,,,,,450312503296.0,Tidak Memenuhi
GAMA,,,,,,,180198490112.0,Tidak Memenuhi
LCGP,,,,,,,641820000256.0,Tidak Memenuhi
COWL,,,,,,,243560497152.0,Tidak Memenuhi
GOTO,-0.00599,0.57025003,-0.010720001,0.207,,2.57,63504870539264.0,Tidak Memenuhi
WIFI,0.09725001,0.71567,0.85627997,0.666,1.554,1.929,16297246064640.0,Tidak Memenuhi
EMTK,0.01316,0.29541,0.0387,0.703,,7.419,72460149981184.0,Tidak Memenuhi
BUKA,-0.00338,0.08525,0.09558,0.661,19.721,32.346,17328982982656.0,Tidak Memenuhi
WIRG,0.061979998,0.11021,0.06159,0.017,0.224,1.778,1277432561664.0,Tidak Memenuhi
IOTF,0.011410001,0.38092998,0.01544,-0.043,,6.482,454965624832.0,Tidak Memenuhi
DCII,0.18136999,0.5718,0.43271,0.612,0.387,1.223,620131470278656.0,Tidak Memenuhi
MTDL,0.07356,0.08248,0.047509998,0.056,-0.036,1.809,7488899383296.0,Tidak Memenuhi
DMMX,0.021860002,0.09909,0.030250002,-0.523,,2.562,2947330605056.0,Tidak Memenuhi
MLPT,0.06653,0.1543,0.12448,0.23,1.477,1.031,150000004759552.0,Tidak Memenuhi
ELIT,0.07749,0.25675,0.10031,-0.122,0.176,1.321,361572925440.0,Tidak Memenuhi
TOSK,0.03446,0.01721,0.00602,-0.279,0.625,2.903,323770515456.0,Tidak Memenuhi
KREN,-0.03033,0.03358,-0.04267,-0.404,,2.47,273063723008.0,Tidak Memenuhi
PTSN,0.04937,0.14298001,0.0758,1.053,0.414,1.245,2093851475968.0,Tidak Memenuhi
KIOS,-0.03267,0.01723,-0.22017,-0.875,,3.596,76386263040.0,Tidak Memenuhi
CYBR,0.18643999,0.47208,0.06294,0.545,,4.372,9411574628352.0,Tidak Memenuhi
JATI,0.04221,0.14927,0.05751,0.11,9.884,1.675,358877200384.0,Tidak Memenuhi
LUCK,-0.04839,0.122209996,-0.072119996,-0.216,,9.182,73006465024.0,Tidak Memenuhi
IRSX,-0.01176,0.00484,-0.0167,-0.827,,65.041,1300959985664.0,Tidak Memenuhi
EDGE,0.045890003,0.41527,0.2687,-0.269,-0.726,0.787,8990112088064.0,Tidak Memenuhi
TFAS,-0.0065200003,0.03525,-0.010679999,-0.284,,2.951,410890600448.0,Tidak Memenuhi
MCAS,-0.0065200003,0.03041,-0.010779999,-0.395,,2.151,711417331712.0,Tidak Memenuhi
DIVA,0.02194,0.044910002,0.0071799997,-0.266,,11.632,285597466624.0,Tidak Memenuhi
MSTI,0.13058,0.1865,0.12229,-0.257,-0.223,3.8,4410880032768.0,Tidak Memenuhi
ZYRX,0.04404,0.18622999,0.07014,-0.209,-0.583,2.307,193333510144.0,Tidak Memenuhi
MPIX,0.088,0.026719999,0.00789,0.083,-0.495,8.668,100000178176.0,Tidak Memenuhi
HDIT,-0.0233,-0.0012800001,-12.2545395,-0.99,,9.08,65561235456.0,Tidak Memenuhi
TRON,-0.0063099996,0.16621,-0.5461,-0.515,,2.217,230100008960.0,Tidak Memenuhi
NFCX,-0.01158,0.025220001,-0.01471,-0.356,,2.132,1192342061056.0,Tidak Memenuhi
AWAN,0.04901,0.60419,0.11943,0.121,7.966,2.886,810660003840.0,Tidak Memenuhi
UVCR,-0.01402,0.03786,0.00899,0.191,0.491,1.548,148010729472.0,Tidak Memenuhi
AREA,0.02549,0.48389998,0.16204001,0.257,-0.404,3.689,1384082440192.0,Tidak Memenuhi
AXIO,0.0573,0.16214001,0.03986,0.443,0.732,1.445,735855902720.0,Tidak Memenuhi
BELI,,0.18694,-0.113800004,0.248,,1.381,50600574189568.0,Tidak Memenuhi
ATIC,0.07226,0.13645001,0.07783,-0.227,0.214,1.143,1157680594944.0,Tidak Memenuhi
GLVA,0.068969995,0.13002,0.03,-0.193,-0.66,1.563,534000009216.0,Tidak Memenuhi
ENVY,,,,,,,89999998976.0,Tidak Memenuhi
TECH,,,,,,,62815002624.0,Tidak Memenuhi
LMAS,,,,,,,39392600064.0,Tidak Memenuhi
SKYB,,,,,,,29834999808.0,Tidak Memenuhi
GIAA,0.029240001,0.19351,0.056760002,-0.093,,0.441,2976956284928.0,Tidak Memenuhi
SMDR,0.056649998,0.21278,0.120950006,0.182,0.743,2.612,5174689529856.0,Tidak Memenuhi
BLOG,,0.19997999,0.14745,0.237,0.534,1.488,1706641063936.0,Tidak Memenuhi
BIRD,0.054190002,0.32126,0.14197,0.133,0.157,1.295,4428716834816.0,Memenuhi
ASSA,0.07628,0.33785,0.19563,0.24,0.702,1.132,3931061354496.0,Tidak Memenuhi
TMAS,0.08219,0.18507,0.10840999,0.002,-0.313,1.482,7392951009280.0,Tidak Memenuhi
IMJS,0.00411,0.27742,0.07743,0.045,0.144,1.496,1973186068480.0,Tidak Memenuhi
LAJU,0.00997,0.12625,0.056209996,0.211,-0.18,1.444,146196119552.0,Tidak Memenuhi
CMPP,-0.08379,0.12073,-0.11419,-0.026,,0.064,1025771962368.0,Tidak Memenuhi
HAIS,0.07549,0.2342,0.1344,-0.131,-0.332,1.675,562017468416.0,Tidak Memenuhi
PURA,0.03024,0.12771,0.10465,-0.036,-0.108,1.495,157548281856.0,Tidak Memenuhi
NELY,0.07383,0.35407,0.21911,-0.307,-0.942,3.313,817800019968.0,Tidak Memenuhi
TNCA,0.01721,0.19510001,0.06601,-0.157,,3.448,99507036160.0,Tidak Memenuhi
KJEN,-0.00558,0.50379,0.09797,-0.494,-0.703,4.705,95500001280.0,Tidak Memenuhi
JAYA,0.02644,0.35720003,0.060450003,-0.408,-0.923,0.781,85439438848.0,Tidak Memenuhi
MITI,0.02496,0.28319,0.09402,-0.42,,7.063,1076383580160.0,Tidak Memenuhi
MPXL,0.04267,0.15951,-0.08194,-0.53,,1.178,484003577856.0,Tidak Memenuhi
TAXI,-0.04897,-1.08121,-2.06155,-0.166,,38.34,143131049984.0,Tidak Memenuhi
WEHA,0.06612,0.34423,0.16837999,0.021,0.077,0.993,154818822144.0,Memenuhi
TRUK,-0.042329997,0.14037,-0.05767,-0.099,,1.318,127889997824.0,Tidak Memenuhi
HATM,0.083730005,0.26527,0.25313,0.268,-0.234,4.528,2395679752192.0,Memenuhi
GTRA,0.08218,0.39224997,0.20807,0.336,0.246,1.526,583467532288.0,Tidak Memenuhi
SAPX,0.0130900005,0.18361999,0.04125,-0.22,-0.559,2.474,280000004096.0,Tidak Memenuhi
AKSI,0.02325,0.106879994,-0.056399997,0.001,,2.217,289440006144.0,Tidak Memenuhi
MIRA,-0.012920001,-0.00093999994,-0.2023,-0.129,,0.732,102997753856.0,Tidak Memenuhi
SDMU,-0.0365,0.33696997,-0.29833,-0.14,,0.301,69248720896.0,Tidak Memenuhi
ELPI,0.06673,0.28929,0.18260999,-0.296,-0.373,6.905,3409519837184.0,Tidak Memenuhi
TRJA,0.044699997,0.2167,0.08149,-0.107,-0.734,0.89,234081009664.0,Tidak Memenuhi
KLAS,0.07877,0.38264,0.16428,0.303,0.197,1.514,481062912000.0,Tidak Memenuhi
BLTA,0.052529998,0.60236,0.2204,0.1,-0.195,1.236,777274785792.0,Tidak Memenuhi
BPTR,0.04975,0.35075,0.28506002,0.179,0.025,0.394,321593999360.0,Tidak Memenuhi
SAFE,0.15735,0.31094998,0.21094999,-0.082,-0.405,0.242,104574656512.0,Tidak Memenuhi
HELI,0.059609998,0.18583,0.21424,-0.19,-0.373,0.612,204884148224.0,Tidak Memenuhi
LRNA,-0.044660002,0.09285,-0.33194,-0.353,,0.789,61600006144.0,Tidak Memenuhi
DEAL,,,,,,,6877026304.0,Tidak Memenuhi
